,OBJECTID,attribute_,Time_Stamp,CH4_ppm_,C2H6_ppb_,R,C2_C1,ch4Enhcmt,totDist,length,lrate,npeaks,Latitude,Longitude,POLYGON,LEAKNUM,PolyLK,win,geometry
0,1,0,06/17/2020 02:27:42.558,2.56965,7.988,0.978,0.011,0.545,270.4,23,5.2,3,33.7491111755,-86.5940475464,P1,1,P1L1,True,POINT (-86.59404272499995 33.74910481000006)
1,2,0,06/15/2020 21:29:51.521,2.1482,3.766,0.752,0.013,0.112,188.9,13,1.3,1,33.7465629578,-86.6012039185,P1,2,P1L6,True,POINT (-86.60119906199998 33.74655662300006)
2,3,0,06/15/2020 21:46:01.761,2.18996,5.033,0.822,0.01,0.139,155.1,20,0.8,1,33.7381477356,-86.6129837036,P1,3,P1L7,True,POINT (-86.61297884699997 33.73814135200007)
3,4,0,06/16/2020 02:41:57.000,2.18462,5.727,0.756,0.014,0.16,161.6,8,2.8,1,33.7488899231,-86.5944137573,P1,4,P1L10,True,POINT (-86.59440896799998 33.74888357000003)
4,5,0,06/16/2020 00:10:45.076,2.30605,4.166,0.901,0.008,0.301,235.6,14,4.3,1,33.7029800415,-86.5475158691,P3,1,P3L3,True,POINT (-86.54751108699998 33.70297369900004)
5,6,0,06/16/2020 23:44:16.836,2.05276,4.261,0.749,0.008,0.038,31.8,5,0.1,1,33.6796417236,-86.5649337769,P3,2,P3L5,True,POINT (-86.56492896699996 33.67963541900008)
6,7,0,06/16/2020 23:50:59.780,3.65674,8.187,0.947,0.002,1.623,90.6,17,8.7,1,33.6780014038,-86.5537109375,P3,3,P3L6,True,POINT (-86.55370613799994 33.67799508900004)
7,8,0,06/16/2020 23:54:01.131,2.17194,5.908,0.765,0.01,0.149,55.7,7,0.5,1,33.6822090149,-86.5501480103,P3,4,P3L7,True,POINT (-86.55014315099999 33.68220271000007)
8,9,0,06/17/2020 00:05:51.684,2.42073,4.098,0.931,0.005,0.415,134.5,28,3.0,1,33.6959037781,-86.5420303345,P3,5,P3L8,True,POINT (-86.54202552599997 33.69589745300004)
9,10,0,06/17/2020 23:55:27.283,2.5956,10.766,0.962,0.011,0.596,323.2,36,16.6,4,33.7074241638,-86.5874023438,P4,1,P4L0,True,POINT (-86.58739753099997 33.70741781400005)
10,11,0,06/16/2020 00:22:28.974,2.16846,4.596,0.821,0.011,0.169,278.5,18,2.4,2,33.7173080444,-86.575378418,P4,2,P4L1,True,POINT (-86.57537358399998 33.71730168100004)
11,12,0,06/18/2020 00:18:32.857,2.7688,17.681,0.983,0.011,0.781,286.9,22,87.3,5,33.7242889404,-86.5617599487,P4,3,P4L2,True,POINT (-86.56175512799996 33.72428262000005)
12,13,0,06/17/2020 23:57:29.139,2.85338,18.597,0.993,0.015,0.841,268.2,15,19.1,5,33.7183189392,-86.5740966797,P4,4,P4L3,True,POINT (-86.57409186799998 33.71831257000008)
13,14,0,06/16/2020 00:45:24.513,2.28279,10.001,0.865,0.01,0.261,339.0,19,5.3,4,33.7110328674,-86.5828857422,P4,5,P4L4,True,POINT (-86.58288089299998 33.71102648800007)
14,15,0,06/17/2020 23:47:54.060,3.62448,31.448,0.996,0.014,1.602,134.5,8,44.9,3,33.7068328857,-86.5883407593,P4,6,P4L5,True,POINT (-86.58833591099994 33.70682655400003)
15,16,0,06/17/2020 00:50:12.753,2.50376,8.729,0.97,0.01,0.461,116.2,8,7.4,1,33.7069778442,-86.5881271362,P4,7,P4L6,True,POINT (-86.58812229199998 33.70697153000003)
16,17,0,06/16/2020 00:21:27.534,2.08739,2.578,0.784,0.016,0.09,121.2,8,0.8,1,33.7115783691,-86.5820770264,P4,8,P4L7,True,POINT (-86.58207222999994 33.71157206100003)
17,18,0,06/17/2020 00:47:30.449,2.42948,7.793,0.939,0.008,0.386,241.5,14,6.6,1,33.714099884,-86.5788421631,P4,9,P4L9,True,POINT (-86.57883730699996 33.71409356500004)
18,19,0,06/17/2020 23:58:14.195,2.17288,10.387,0.838,0.023,0.148,174.3,11,1.8,1,33.7216072083,-86.5675125122,P4,10,P4L10,True,POINT (-86.56750766799996 33.72160084900003)
19,20,0,06/18/2020 00:10:41.715,2.05279,11.108,0.836,0.026,0.085,78.3,7,0.8,1,33.7389755249,-86.5800628662,P4,11,P4L11,True,POINT (-86.58005802599996 33.73896920000004)
20,21,0,06/18/2020 00:15:53.113,2.0055,8.86,0.754,0.022,0.021,57.1,6,0.1,1,33.7279701233,-86.5555725098,P4,12,P4L12,True,POINT (-86.55556771399995 33.72796380200003)
21,22,0,06/19/2020 02:37:50.603,2.6137,7.085,0.951,0.007,0.584,330.5,23,20.2,4,33.6978263855,-86.6127853394,P5,1,P5L0,True,POINT (-86.61278050099997 33.69782002700003)
22,23,0,06/25/2020 01:16:45.926,3.72984,24.057,0.998,0.009,1.849,175.7,18,30.2,4,33.6909637451,-86.6266479492,P5,2,P5L1,True,POINT (-86.62664311899994 33.69095742300004)
23,24,0,06/19/2020 01:51:40.683,3.26671,13.996,0.938,0.002,1.247,212.1,20,28.9,4,33.690410614,-86.6292114258,P5,3,P5L2,True,POINT (-86.62920655099998 33.69040424500002)
24,25,0,06/20/2020 02:14:02.932,2.41458,18.032,0.95,0.01,0.416,221.2,20,12.6,3,33.6895523071,-86.6210327148,P5,4,P5L3,True,POINT (-86.62102784199999 33.68954595400004)
25,26,0,06/20/2020 01:51:39.444,2.8884,8.174,0.973,0.007,0.88,182.4,25,25.4,5,33.6844978333,-86.6179122925,P5,5,P5L4,True,POINT (-86.61790745499997 33.68449148900004)
26,27,0,06/19/2020 02:29:41.643,3.19447,17.968,0.991,0.007,1.158,264.0,29,72.6,1,33.684677124,-86.6179351807,P5,6,P5L5,True,POINT (-86.61793036199998 33.68467081200004)
27,28,0,06/25/2020 01:13:27.168,2.12683,11.51,0.848,0.012,0.249,227.4,14,4.5,2,33.6942176819,-86.6166305542,P5,7,P5L6,True,POINT (-86.61662573899997 33.69421132200006)
28,29,0,06/24/2020 23:41:24.838,3.44154,9.604,0.998,0.008,1.539,190.6,22,12.9,2,33.6829948425,-86.6209564209,P5,8,P5L7,True,POINT (-86.62095157499994 33.68298849400003)
29,30,0,06/18/2020 01:18:14.604,2.32032,11.298,0.809,0.006,0.336,193.6,11,6.9,1,33.6775093079,-86.6310119629,P5,9,P5L9,True,POINT (-86.63100713499995 33.67750297900005)
30,31,0,06/19/2020 01:44:10.123,2.06986,14.195,0.835,0.007,0.057,119.7,7,0.6,1,33.6974105835,-86.6135559082,P5,10,P5L10,True,POINT (-86.61355107599996 33.69740426100003)
31,32,0,06/19/2020 02:38:03.915,2.05878,2.903,0.77,0.023,0.029,65.5,5,0.2,1,33.6985054016,-86.6110076904,P5,11,P5L11,True,POINT (-86.61100282499996 33.69849909000004)
32,33,0,06/20/2020 02:02:46.376,2.11514,9.096,0.774,0.009,0.104,155.4,8,1.2,1,33.6934928894,-86.6173019409,P5,12,P5L13,True,POINT (-86.61729713899996 33.69348655800007)
33,34,0,06/25/2020 01:14:13.350,2.22912,11.681,0.942,0.01,0.352,189.3,12,5.4,1,33.6903305054,-86.6214141846,P5,13,P5L20,True,POINT (-86.62140935599996 33.69032419300004)
34,35,0,06/25/2020 01:18:03.750,1.9334,7.754,0.765,0.011,0.05,43.0,5,0.1,1,33.6913452148,-86.6287002563,P5,14,P5L21,True,POINT (-86.62869540999998 33.69133891400003)
35,36,0,06/25/2020 01:27:50.707,1.92011,-1.277,0.721,0.009,0.044,79.1,5,0.3,1,33.688621521,-86.6217041016,P5,15,P5L22,True,POINT (-86.62169924299997 33.68861515200007)
36,37,0,07/20/2020 23:15:36.752,2.56509,0.164,0.955,0.008,0.58,301.7,18,17.1,3,33.70560455,-86.60807037,P6,1,P6L3,True,POINT (-86.60806551499996 33.70559821300003)
37,38,0,07/20/2020 22:18:57.174,2.2883,6.536,0.981,0.011,0.352,170.5,19,4.9,2,33.68420792,-86.59925842,P6,2,P6L5,True,POINT (-86.59925358399994 33.68420161000006)
38,39,0,06/25/2020 00:33:42.374,1.96071,9.872,0.834,0.013,0.087,67.3,9,0.1,1,33.67350006,-86.58868408,P6,3,P6L10,True,POINT (-86.58867924899994 33.67349376000004)
39,40,0,06/25/2020 00:53:31.545,3.6244,7.183,0.991,0.005,1.731,193.9,17,52.6,1,33.71308899,-86.6219635,P6,4,P6L11,True,POINT (-86.62195867499997 33.71308262800005)
40,41,0,06/25/2020 01:08:09.420,2.20151,7.521,0.931,0.015,0.324,311.9,20,9.9,1,33.70458984,-86.60411072,P6,5,P6L12,True,POINT (-86.60410592199997 33.70458351200006)
41,42,0,06/25/2020 01:09:39.532,2.34553,13.277,0.914,0.01,0.444,246.2,17,4.2,1,33.69856644,-86.6089859,P6,6,P6L13,True,POINT (-86.60898107799994 33.69856007500005)
42,43,0,07/20/2020 23:10:16.035,2.03627,1.218,0.852,0.06,0.008,52.3,7,0.1,1,33.71040726,-86.62779999,P6,7,P6L22,True,POINT (-86.62779511699995 33.71040095500007)
43,44,0,06/29/2020 23:19:02.739,4.04412,14.092,0.987,0.003,2.137,245.3,16,35.4,3,33.6924552917,-86.6395492554,P8,1,P8L0,True,POINT (-86.63954444999996 33.69244891900007)
44,45,0,06/25/2020 03:27:08.467,2.99605,4.035,0.954,0.004,1.048,152.9,10,16.7,1,33.6968574524,-86.632774353,P8,2,P8L1,True,POINT (-86.63276953799999 33.69685112400003)
45,46,0,06/26/2020 23:21:07.857,1.92007,-0.367,0.964,0.011,0.013,2331.7,7,0.1,1,33.7040596008,-86.6395492554,P8,3,P8L3,True,POINT (-86.63954444999996 33.70405329000005)
46,47,0,06/26/2020 23:42:12.497,2.07599,1.364,0.865,0.014,0.147,115.7,13,1.7,1,33.6921081543,-86.6433181763,P8,4,P8L4,True,POINT (-86.64331333099994 33.69210181500006)
47,48,0,06/26/2020 23:42:48.337,2.03697,0.056,0.868,0.012,0.081,64.3,10,0.2,1,33.691570282,-86.6433334351,P8,5,P8L5,True,POINT (-86.64332860199994 33.69156396600005)
48,49,0,06/26/2020 23:55:28.657,2.00434,3.137,0.801,0.022,0.068,44.6,6,0.2,1,33.696182251,-86.6380462646,P8,6,P8L6,True,POINT (-86.63804138899997 33.69617593500004)
49,50,0,06/26/2020 23:56:32.145,2.2787,4.281,0.779,0.007,0.342,131.0,10,6.5,1,33.6946678162,-86.6369247437,P8,7,P8L7,True,POINT (-86.63691993299994 33.69466148500004)
50,51,0,06/26/2020 23:57:03.889,2.32294,4.69,0.808,0.006,0.387,174.2,13,20.8,1,33.6957893372,-86.6384048462,P8,8,P8L8,True,POINT (-86.63839999699996 33.69578303100008)
51,52,0,06/26/2020 23:58:00.209,2.61741,6.948,0.951,0.005,0.677,148.4,14,6.6,1,33.7010002136,-86.6352767944,P8,9,P8L9,True,POINT (-86.63527197399998 33.70099385100008)
52,53,0,06/29/2020 23:18:16.659,2.87879,13.404,0.979,0.007,0.972,152.9,11,13.2,1,33.6963806152,-86.6339035034,P8,10,P8L11,True,POINT (-86.63389862999998 33.69637429200003)
53,54,0,06/30/2020 01:48:04.000,2.32648,3.071,0.82,0.005,0.421,180.8,16,5.9,2,33.6799087524,-86.6851654053,P10,1,P10L0,True,POINT (-86.68516052899997 33.67990244200007)
54,55,0,06/30/2020 01:56:21.664,3.44282,3.208,0.792,0.001,1.545,113.5,20,18.7,5,33.6790466309,-86.6860046387,P10,2,P10L1,True,POINT (-86.68599982499995 33.67904030900007)
55,56,0,07/01/2020 23:54:36.584,2.68749,12.03,0.968,0.008,0.692,291.5,18,13.9,2,33.6812705994,-86.6786270142,P10,3,P10L2,True,POINT (-86.67862214299998 33.68126428400006)
56,57,0,07/01/2020 23:25:29.537,2.91359,1.776,0.945,0.003,0.977,186.5,22,15.4,3,33.6792373657,-86.6866836548,P10,4,P10L3,True,POINT (-86.68667877099995 33.67923100600007)
57,58,0,06/30/2020 01:48:58.272,2.40686,3.566,0.898,0.006,0.496,121.1,13,4.1,1,33.6829223633,-86.6898651123,P10,5,P10L4,True,POINT (-86.68986024299994 33.68291606300005)
58,59,0,06/30/2020 22:02:21.534,1.90251,5.02,0.753,0.02,0.01,50.1,5,0.1,1,33.67735672,-86.6866531372,P10,6,P10L5,True,POINT (-86.68664831799998 33.67735040600007)
59,60,0,07/01/2020 23:16:34.292,2.52714,5.37,0.965,0.008,0.597,356.8,24,25.9,1,33.6814460754,-86.6792755127,P10,7,P10L16,True,POINT (-86.67927063599996 33.68143972700005)
60,61,0,07/01/2020 23:18:39.220,2.17396,-2.173,0.876,0.007,0.245,286.1,20,4.7,1,33.6776390076,-86.6813735962,P10,8,P10L18,True,POINT (-86.68136874099997 33.67763268100003)
61,62,0,07/01/2020 23:44:25.256,2.07181,0.688,0.734,0.012,0.092,0.7,5,0.0,1,33.6673316956,-86.683883667,P10,9,P10L19,True,POINT (-86.68387881399997 33.66732534800008)
62,63,0,07/02/2020 01:19:13.371,3.86984,9.888,0.944,0.002,1.874,176.8,13,48.6,2,33.6864128113,-86.6763153076,P11,1,P11L0,True,POINT (-86.67631041899995 33.68640646900008)
63,64,0,07/02/2020 22:15:10.544,2.58065,3.426,0.915,0.005,0.669,111.1,13,6.5,2,33.6849327087,-86.6708450317,P11,2,P11L1,True,POINT (-86.67084021899996 33.68492638000004)
64,65,0,07/02/2020 21:33:06.179,2.33921,13.067,0.926,0.015,0.263,7.4,19,0.3,2,33.6953315735,-86.6826248169,P11,3,P11L2,True,POINT (-86.68262000299995 33.69532525300008)
65,66,0,07/02/2020 22:41:13.372,2.32599,14.424,0.976,0.017,0.398,165.1,18,7.9,2,33.6964225769,-86.6801986694,P11,4,P11L3,True,POINT (-86.68019383399997 33.69641622200004)
66,67,0,06/30/2020 23:55:33.931,2.00158,-1.937,0.76,0.003,0.118,80.1,7,0.8,1,33.6859588623,-86.6762008667,P11,5,P11L4,True,POINT (-86.67619597299995 33.68595252600005)
67,68,0,07/02/2020 00:35:04.590,2.06792,9.448,0.797,0.023,0.072,84.9,9,0.6,1,33.6961479187,-86.6798095703,P11,6,P11L5,True,POINT (-86.67980468399998 33.69614155700003)
68,69,0,07/02/2020 21:57:29.577,2.067,1.66,0.798,0.023,0.101,16.8,5,0.1,1,33.6871185303,-86.6842422485,P11,7,P11L6,True,POINT (-86.68423741999999 33.68711223200006)
69,70,0,07/02/2020 22:01:10.864,2.30327,0.746,0.778,0.007,0.337,61.2,6,5.9,1,33.6887054443,-86.684715271,P11,8,P11L7,True,POINT (-86.68471038299998 33.68869909400007)
70,71,0,07/02/2020 22:22:45.302,2.83053,9.992,0.942,0.004,0.905,195.7,13,15.2,1,33.6875419617,-86.6772613525,P11,9,P11L8,True,POINT (-86.67725652399997 33.68753559700008)
71,72,0,07/08/2020 22:55:06.708,2.2702,17.835,0.988,0.018,0.277,321.5,14,4.3,3,33.6415329,-86.724823,P19,1,P19L0,True,POINT (-86.72481817499994 33.64152659700005)
72,73,0,07/08/2020 23:00:16.980,2.30348,14.539,0.844,0.01,0.29,309.1,14,56.4,2,33.61488342,-86.74195862,P19,2,P19L1,True,POINT (-86.74195371499997 33.61487708600004)
73,74,0,07/10/2020 22:29:22.484,2.21032,1.285,0.793,0.006,0.325,211.7,12,37.9,2,33.60791016,-86.74339294,P19,3,P19L2,True,POINT (-86.74338805499997 33.60790387100008)
74,75,0,07/10/2020 22:35:52.936,2.1884,3.081,0.903,0.007,0.293,185.4,7,12.7,1,33.64453888,-86.7223587,P19,4,P19L3,True,POINT (-86.72235382699995 33.64453258800006)
75,76,0,07/10/2020 22:35:57.032,2.21506,3.166,0.807,0.004,0.32,198.9,9,17.4,2,33.64520264,-86.72180176,P19,5,P19L4,True,POINT (-86.72179687199997 33.64519629300003)
76,77,0,07/08/2020 23:02:18.836,2.20652,11.618,0.753,0.013,0.163,78.6,5,2.2,1,33.60208893,-86.73505402,P19,6,P19L5,True,POINT (-86.73504917699995 33.60208263800007)
77,78,0,07/10/2020 22:22:08.308,2.07298,0.367,0.809,0.011,0.166,183.2,10,7.2,1,33.64408875,-86.72297668,P19,7,P19L6,True,POINT (-86.72297177799999 33.64408246300007)
78,79,0,07/10/2020 22:30:09.588,1.97805,2.399,0.852,0.02,0.093,303.3,16,3.2,1,33.61267853,-86.74315643,P19,8,P19L7,True,POINT (-86.74315152899999 33.61267219300004)
79,80,0,07/10/2020 22:31:02.836,1.9148,0.907,0.76,0.015,0.03,158.2,7,0.6,1,33.62131882,-86.73635101,P19,9,P19L8,True,POINT (-86.73634616299995 33.62131249600003)
80,81,0,07/10/2020 22:32:09.601,2.01363,1.982,0.88,0.014,0.12,236.1,14,1.1,1,33.63178635,-86.72901154,P19,10,P19L9,True,POINT (-86.72900665899994 33.63178001600005)
81,82,0,07/10/2020 22:40:02.792,1.96425,3.994,0.779,0.013,0.055,124.2,5,0.7,1,33.6241951,-86.73412323,P19,11,P19L11,True,POINT (-86.73411834199999 33.62418881400004)
82,83,0,07/10/2020 22:41:50.312,2.06119,7.884,0.842,0.02,0.147,282.1,12,2.7,1,33.6124115,-86.74354553,P19,12,P19L12,True,POINT (-86.74354067899998 33.61240519000006)
83,84,0,07/10/2020 22:46:19.624,2.10602,13.761,0.925,0.012,0.178,110.9,5,5.0,1,33.62909317,-86.73008728,P19,13,P19L13,True,POINT (-86.73008239199999 33.62908683100005)
84,85,0,07/10/2020 22:46:25.768,2.0461,12.671,0.79,0.008,0.118,167.4,7,3.3,1,33.63020325,-86.72963715,P19,14,P19L14,True,POINT (-86.72963224599994 33.63019696600003)
85,86,0,07/10/2020 22:47:37.448,2.04521,13.449,0.759,0.005,0.115,124.9,5,2.0,1,33.64324188,-86.72341156,P19,15,P19L15,True,POINT (-86.72340665299998 33.64323552600007)
86,87,0,07/13/2020 21:55:37.564,2.31305,7.855,0.997,0.028,0.374,258.5,23,5.3,1,33.63211441,-86.7288208,P19,16,P19L16,True,POINT (-86.72881594699999 33.63210806600006)
87,88,0,07/13/2020 22:18:56.246,2.82858,18.791,0.997,0.012,0.882,238.5,17,43.1,1,33.65260315,-86.72501373,P20,1,P20L0,True,POINT (-86.72500888699994 33.65259683200003)
88,89,0,07/10/2020 23:13:51.131,2.53979,10.567,0.968,0.009,0.57,259.9,20,91.5,2,33.65024567,-86.72343445,P20,2,P20L1,True,POINT (-86.72342955899995 33.65023930900003)
89,90,0,07/10/2020 23:13:21.435,2.6065,11.611,0.969,0.009,0.637,138.5,10,12.8,3,33.65358734,-86.72557831,P20,3,P20L2,True,POINT (-86.72557347799994 33.65358104000006)
90,91,0,07/10/2020 23:26:04.417,2.33208,11.222,0.799,0.027,0.332,64.9,10,5.4,2,33.6589241,-86.72081757,P20,4,P20L3,True,POINT (-86.72081267699997 33.65891779000003)
91,92,0,07/08/2020 23:52:23.969,2.03798,2.11,0.867,0.019,0.081,139.0,10,1.4,1,33.65628433,-86.72457123,P20,5,P20L5,True,POINT (-86.72456637699997 33.65627802000006)
92,93,0,07/10/2020 23:21:41.249,2.19233,9.394,0.751,0.026,0.156,27.0,6,0.3,1,33.65613556,-86.7229538,P20,6,P20L6,True,POINT (-86.72294895999994 33.65612922000003)
93,94,0,07/13/2020 22:06:42.652,2.0146,4.732,0.795,0.026,0.0,106.4,6,0.1,1,33.65709686,-86.71269226,P20,7,P20L7,True,POINT (-86.71268741799997 33.65709050700008)
94,95,0,07/13/2020 22:23:57.609,2.26688,11.973,0.944,0.011,0.291,233.5,20,7.9,1,33.65177155,-86.72451782,P20,8,P20L8,True,POINT (-86.72451292699998 33.65176523400004)
95,96,0,07/09/2020 00:46:58.004,3.01818,9.892,0.993,0.007,1.058,213.4,28,55.8,3,33.66760635,-86.70197296,P21,1,P21L0,True,POINT (-86.70196809399994 33.66760003200005)
96,97,0,07/10/2020 23:56:40.552,6.08201,33.385,0.999,0.007,4.082,176.1,22,41.2,2,33.68152237,-86.69111633,P21,2,P21L1,True,POINT (-86.69111150599997 33.68151604900004)
97,98,0,07/11/2020 00:38:28.737,2.64538,1.834,0.969,0.005,0.644,192.9,25,20.4,2,33.67665482,-86.69676209,P21,3,P21L2,True,POINT (-86.69675723699999 33.67664852500008)
98,99,0,07/09/2020 00:36:42.580,3.15554,13.625,0.989,0.006,1.196,154.4,17,11.6,2,33.67454147,-86.69634247,P21,4,P21L3,True,POINT (-86.69633763399997 33.67453514700003)
99,100,0,07/11/2020 00:08:51.790,3.93863,13.52,0.996,0.005,1.908,64.6,10,19.1,5,33.67140198,-86.70906067,P21,5,P21L4,True,POINT (-86.70905579899994 33.67139563500007)
100,101,0,07/13/2020 22:50:58.396,2.16065,8.738,0.904,0.017,0.212,349.2,14,30.1,2,33.66327667,-86.70537567,P21,6,P21L5,True,POINT (-86.70537082099997 33.66327034800003)
101,102,0,07/09/2020 01:01:27.380,2.833,6.277,0.96,0.006,0.869,243.1,19,24.7,3,33.68048096,-86.7012558,P21,7,P21L7,True,POINT (-86.70125096799995 33.68047460100007)
102,103,0,07/11/2020 00:25:16.366,2.66969,1.834,0.97,0.006,0.645,135.2,20,11.0,3,33.67549896,-86.70542145,P21,8,P21L8,True,POINT (-86.70541654499993 33.67549264000007)
103,104,0,07/13/2020 22:57:45.948,4.01812,23.297,0.99,0.007,2.054,103.6,16,22.6,2,33.68187714,-86.69181824,P21,9,P21L9,True,POINT (-86.69181335999997 33.68187082000003)
104,105,0,07/09/2020 00:30:17.454,1.98824,6.882,0.796,0.008,0.033,87.9,7,0.2,1,33.67199326,-86.697258,P21,10,P21L10,True,POINT (-86.69725310699994 33.67198691400006)
105,106,0,07/09/2020 00:36:06.740,2.00593,5.413,0.86,0.008,0.043,50.0,6,0.0,1,33.6763382,-86.69705963,P21,11,P21L11,True,POINT (-86.69705475899997 33.67633185800003)
106,107,0,07/11/2020 00:19:00.353,2.47471,0.864,0.782,0.006,0.357,138.8,15,11.0,1,33.67083359,-86.70847321,P21,12,P21L13,True,POINT (-86.70846839099994 33.67082722800006)
107,108,0,07/11/2020 00:25:48.315,2.27187,-1.182,0.775,0.008,0.247,69.5,5,3.1,1,33.67612076,-86.70471954,P21,13,P21L14,True,POINT (-86.70471469099994 33.67611439200004)
108,109,0,07/13/2020 22:58:22.812,2.2341,11.812,0.887,0.007,0.27,227.3,24,11.6,1,33.68378448,-86.69483185,P21,14,P21L16,True,POINT (-86.69482702699997 33.68377815700006)
109,110,0,07/13/2020 23:09:54.422,2.00499,8.467,0.734,0.007,0.039,20.0,6,0.1,1,33.6644783,-86.71746826,P21,15,P21L17,True,POINT (-86.71746339899994 33.66447200500005)
110,111,0,07/13/2020 23:19:06.768,2.17439,4.107,0.838,0.019,0.199,158.6,22,4.0,1,33.67844009,-86.70471191,P21,16,P21L18,True,POINT (-86.70470705499997 33.67843375500007)
111,112,0,07/01/2020 01:03:28.734,2.6281,1.089,0.948,0.005,0.709,118.5,16,6.0,2,33.6653785706,-86.6776885986,P22,1,P22L0,True,POINT (-86.67768376399994 33.66537226300005)
112,113,0,07/01/2020 01:25:43.211,4.53187,16.727,0.998,0.006,2.611,214.9,26,39.5,4,33.654586792,-86.6805419922,P22,2,P22L1,True,POINT (-86.68053717199996 33.65458048900007)
113,114,0,07/02/2020 02:16:04.212,2.48753,14.481,0.932,0.007,0.44,193.6,20,4.5,2,33.6621894836,-86.6757049561,P22,3,P22L2,True,POINT (-86.67570010499998 33.66218314400004)
114,115,0,07/01/2020 00:54:00.209,2.00593,-2.254,0.868,0.008,0.075,62.5,8,0.2,1,33.6690330505,-86.6750564575,P22,4,P22L5,True,POINT (-86.67505161099996 33.66902673800007)
115,116,0,07/01/2020 01:17:36.606,1.97154,0.378,0.825,0.029,0.057,46.0,5,0.3,1,33.6644859314,-86.6729736328,P22,5,P22L6,True,POINT (-86.67296877799998 33.66447963000007)
116,117,0,07/02/2020 02:02:50.408,2.1091,9.482,0.724,0.012,0.031,40.6,5,0.2,1,33.66614151,-86.6745834351,P22,6,P22L9,True,POINT (-86.67457855799995 33.66613517000008)
117,118,0,07/02/2020 02:12:06.644,2.67883,14.883,0.928,0.008,0.683,75.1,11,1.8,1,33.6613693237,-86.6731948853,P22,7,P22L10,True,POINT (-86.67319003299997 33.66136300300008)
118,119,0,07/01/2020 03:37:48.561,2.06016,10.753,0.903,0.015,0.115,132.0,16,0.9,4,33.65103912,-86.68325806,P23,1,P23L0,True,POINT (-86.68325322799996 33.65103278300006)
119,120,0,07/01/2020 02:28:25.284,3.35031,17.738,0.993,0.006,1.422,113.8,16,24.2,2,33.65594101,-86.68289948,P23,2,P23L1,True,POINT (-86.68289461999996 33.65593465700005)
120,121,0,07/07/2020 00:01:26.347,5.68126,6.152,0.992,0.002,3.751,178.3,23,30.2,4,33.65553284,-86.69728851,P23,3,P23L2,True,POINT (-86.69728365099996 33.65552654000004)
121,122,0,07/07/2020 00:00:57.675,2.47297,2.036,0.915,0.005,0.543,157.2,15,16.0,3,33.65505219,-86.6984787,P23,4,P23L3,True,POINT (-86.69847382799998 33.65504588900006)
122,123,0,07/01/2020 03:11:15.627,2.36244,13.196,0.877,0.007,0.398,90.1,10,2.7,1,33.65534973,-86.69850159,P23,5,P23L4,True,POINT (-86.69849673499994 33.65534341800003)
123,124,0,07/01/2020 03:13:56.497,3.71654,14.234,0.963,0.002,1.786,152.4,18,27.7,3,33.6532402,-86.69817352,P23,6,P23L5,True,POINT (-86.69816867099996 33.65323385300007)
124,125,0,07/02/2020 03:56:33.012,2.26523,0.884,0.878,0.009,0.314,160.6,11,4.0,3,33.65233231,-86.70053101,P23,7,P23L6,True,POINT (-86.70052611899996 33.65232598900008)
125,126,0,07/01/2020 03:35:56.945,4.40231,15.959,0.973,0.002,2.465,168.3,20,24.1,3,33.64936066,-86.68881226,P23,8,P23L7,True,POINT (-86.68880741999999 33.64935436900004)
126,127,0,07/02/2020 02:49:44.257,2.70361,14.404,0.95,0.006,0.743,105.4,11,10.2,3,33.65959167,-86.68556976,P23,9,P23L8,True,POINT (-86.68556486199998 33.65958534600003)
127,128,0,07/02/2020 03:05:38.318,2.94279,4.351,0.955,0.004,0.969,140.7,14,11.4,2,33.65117645,-86.68998718,P23,10,P23L9,True,POINT (-86.68998232599995 33.65117015100003)
128,129,0,07/06/2020 23:45:28.497,2.06438,0.752,0.839,0.014,0.145,181.2,18,2.5,2,33.65719604,-86.69108582,P23,11,P23L10,True,POINT (-86.69108096499997 33.65718973000003)
129,130,0,07/02/2020 03:25:38.446,12.5721,67.001,1.0,0.006,10.634,42.8,14,65.3,3,33.65731049,-86.69541931,P23,12,P23L11,True,POINT (-86.69541443699995 33.65730413300003)
130,131,0,07/01/2020 02:29:22.628,2.05319,10.133,0.805,0.017,0.125,38.7,9,0.3,1,33.65537262,-86.68725586,P23,13,P23L12,True,POINT (-86.68725099899996 33.65536629800005)
131,132,0,07/01/2020 03:03:04.516,2.07491,12.251,0.918,0.025,0.123,116.1,14,1.5,1,33.65378189,-86.704422,P23,14,P23L13,True,POINT (-86.70441717099999 33.65377553200005)
132,133,0,07/01/2020 03:04:01.963,2.16559,11.825,0.812,0.007,0.207,108.5,11,1.9,1,33.65384674,-86.69850922,P23,15,P23L14,True,POINT (-86.69850437099996 33.65384043700004)
133,134,0,07/01/2020 03:06:05.969,2.39399,11.745,0.819,0.004,0.435,90.7,10,3.6,1,33.65618896,-86.70419312,P23,16,P23L15,True,POINT (-86.70418827999998 33.65618260800005)
134,135,0,07/01/2020 03:10:04.971,2.08128,10.194,0.808,0.011,0.117,81.8,8,0.8,1,33.6546402,-86.6995697,P23,17,P23L16,True,POINT (-86.69956483199996 33.65463388000006)
135,136,0,07/01/2020 03:19:10.046,2.94324,12.755,0.895,0.003,1.005,205.0,14,31.3,1,33.64934158,-86.68682098,P23,18,P23L17,True,POINT (-86.68681612499995 33.64933522500007)
136,137,0,07/01/2020 03:41:31.998,2.61047,14.365,0.951,0.007,0.669,200.9,16,13.4,1,33.6595993,-86.68260193,P23,19,P23L18,True,POINT (-86.68259709799997 33.65959297200004)
137,138,0,07/01/2020 03:46:07.659,2.26063,12.469,0.83,0.007,0.304,290.4,16,2.9,1,33.65336609,-86.6829071,P23,20,P23L19,True,POINT (-86.68290225599998 33.65335977600006)
138,139,0,07/02/2020 02:50:11.905,2.28143,11.756,0.849,0.006,0.299,66.0,9,1.3,1,33.66008759,-86.68656158,P23,21,P23L20,True,POINT (-86.68655669099996 33.66008122400007)
139,140,0,07/02/2020 02:56:19.726,2.23539,7.312,0.842,0.006,0.219,129.2,17,0.8,1,33.6513176,-86.68855286,P23,22,P23L21,True,POINT (-86.68854798699994 33.65131125700003)
140,141,0,07/02/2020 03:22:10.472,2.56103,-0.042,0.983,0.007,0.625,13.1,6,0.8,1,33.65493011,-86.69610596,P23,23,P23L22,True,POINT (-86.69610110899998 33.65492378200003)
141,142,0,07/02/2020 03:24:40.078,2.0935,-1.156,0.794,0.006,0.156,85.9,10,0.5,1,33.65585327,-86.69395447,P23,24,P23L23,True,POINT (-86.69394964399999 33.65584694800003)
142,143,0,07/02/2020 04:01:51.886,2.27468,2.528,0.876,0.008,0.32,161.2,13,2.9,1,33.64941406,-86.69174194,P23,25,P23L24,True,POINT (-86.69173709499995 33.64940776100008)
143,144,0,07/06/2020 23:39:37.265,2.49158,3.138,0.968,0.008,0.57,80.8,17,0.5,1,33.65982437,-86.69422913,P23,26,P23L25,True,POINT (-86.69422425899995 33.65981803200003)
144,145,0,07/06/2020 23:40:18.225,2.44673,3.038,0.98,0.007,0.525,31.9,15,1.9,1,33.65982437,-86.69422913,P23,27,P23L26,True,POINT (-86.69422425899995 33.65981803200003)
145,146,0,07/06/2020 23:42:07.793,3.91488,1.702,0.868,0.001,1.991,34.6,14,3.3,1,33.65828323,-86.6955719,P23,28,P23L27,True,POINT (-86.69556705999997 33.65827692100004)
146,147,0,07/07/2020 00:15:57.771,2.02321,-2.869,0.748,0.016,0.09,15.2,6,0.1,1,33.64917374,-86.68377686,P23,29,P23L28,True,POINT (-86.68377200499998 33.64916741900004)
147,148,0,07/07/2020 00:21:07.019,1.96134,-5.655,0.758,0.016,0.033,123.2,7,0.2,1,33.65462494,-86.68274689,P23,30,P23L30,True,POINT (-86.68274199699994 33.65461862500007)
148,149,0,07/07/2020 01:21:18.155,5.12269,16.485,0.999,0.007,3.201,297.4,25,22.3,5,33.64569855,-86.69187164,P24,1,P24L0,True,POINT (-86.69186681199994 33.64569225300005)
149,150,0,07/11/2020 01:49:27.963,2.77105,16.48,0.977,0.008,0.817,151.4,18,13.7,2,33.64844894,-86.69055176,P24,2,P24L1,True,POINT (-86.69054691699995 33.64844265000005)
150,151,0,07/11/2020 01:31:20.168,2.1504,0.689,0.874,0.011,0.156,176.6,16,2.9,2,33.64490509,-86.69421387,P24,3,P24L2,True,POINT (-86.69420898899995 33.64489872800004)
151,152,0,07/09/2020 02:51:11.905,2.87995,1.276,0.969,0.008,0.625,133.5,13,9.5,2,33.63854599,-86.68863678,P24,4,P24L3,True,POINT (-86.68863188999995 33.63853964500004)
152,153,0,07/07/2020 00:59:04.600,2.03493,-4.301,0.807,0.013,0.103,28.8,7,0.0,1,33.64944839,-86.69602203,P24,5,P24L4,True,POINT (-86.69601720699995 33.64944208500003)
153,154,0,07/07/2020 01:01:59.089,1.94817,-5.405,0.744,0.025,0.018,48.1,5,0.1,1,33.64375305,-86.70781708,P24,6,P24L5,True,POINT (-86.70781226299994 33.64374675500005)
154,155,0,07/07/2020 01:36:13.438,1.93346,-6.447,0.892,0.091,0.014,82.9,7,0.1,1,33.64161682,-86.68733978,P24,7,P24L6,True,POINT (-86.68733490199998 33.64161050600006)
155,156,0,07/07/2020 01:41:19.614,1.96051,-1.735,0.935,0.081,0.058,116.1,9,0.5,1,33.63938522,-86.68372345,P24,8,P24L7,True,POINT (-86.68371855599997 33.63937892400003)
156,157,0,07/09/2020 02:25:07.233,2.34058,1.112,0.74,0.01,0.118,38.7,5,0.9,1,33.64560699,-86.69306946,P24,9,P24L10,True,POINT (-86.69306462499998 33.64560064400007)
157,158,0,07/09/2020 02:32:59.912,2.64519,0.655,0.84,0.011,0.385,170.3,10,10.5,1,33.64460754,-86.70862579,P24,10,P24L11,True,POINT (-86.70862092599998 33.64460123900005)
158,159,0,07/09/2020 02:43:41.038,2.35935,-0.532,0.835,0.028,0.093,82.2,9,0.8,1,33.64339066,-86.69467163,P24,11,P24L12,True,POINT (-86.69466676999997 33.64338434700005)
159,160,0,07/09/2020 03:00:22.612,2.63565,-0.04,0.8,0.005,0.278,163.2,18,3.4,1,33.64325333,-86.68529511,P24,12,P24L13,True,POINT (-86.68529024799994 33.64324704200004)
160,161,0,07/09/2020 03:03:15.771,2.39752,1.597,0.819,0.095,0.039,51.4,7,0.4,1,33.64300156,-86.68733978,P24,13,P24L14,True,POINT (-86.68733490199998 33.64299524000006)
161,162,0,07/09/2020 03:11:46.337,2.70344,3.4,0.815,0.005,0.4,130.2,12,5.6,1,33.64207459,-86.68888092,P24,14,P24L15,True,POINT (-86.68887605199996 33.64206827200007)
162,163,0,07/11/2020 01:21:50.516,2.18614,0.633,0.83,0.036,0.078,105.0,21,0.9,1,33.64137268,-86.71153259,P24,15,P24L17,True,POINT (-86.71152769399998 33.64136632900005)
163,164,0,07/11/2020 01:34:03.086,2.14639,5.207,0.876,0.026,0.14,184.0,13,3.8,1,33.63987732,-86.69228363,P24,16,P24L18,True,POINT (-86.69227877899993 33.63987103000005)
164,165,0,07/11/2020 02:00:18.305,2.01765,0.419,0.854,0.019,0.09,110.0,12,1.1,1,33.64927673,-86.69306183,P24,17,P24L19,True,POINT (-86.69305698899996 33.64927039100007)
165,166,0,07/11/2020 02:09:42.120,2.6802,2.9,0.971,0.006,0.742,156.3,20,15.8,1,33.64209747,-86.68932343,P24,18,P24L20,True,POINT (-86.68931856199998 33.64209115700004)
166,167,0,07/18/2020 21:44:17.812,3.95167,15.089,0.996,0.006,2.032,85.4,14,16.6,5,33.65302277,-86.67773438,P25,1,P25L0,True,POINT (-86.67772948899994 33.65301647700005)
167,168,0,07/14/2020 00:39:26.019,2.95182,21.469,0.988,0.008,0.942,219.2,14,30.4,5,33.6456871,-86.6809082,P25,2,P25L1,True,POINT (-86.68090332599996 33.64568081100003)
168,169,0,07/14/2020 00:21:18.428,2.64861,7.424,0.974,0.009,0.643,209.0,18,11.9,3,33.64757156,-86.68054199,P25,3,P25L2,True,POINT (-86.68053717299995 33.64756524500007)
169,170,0,07/18/2020 21:17:29.211,2.42424,11.693,0.973,0.008,0.479,261.7,25,17.6,3,33.64704132,-86.67832184,P25,4,P25L3,True,POINT (-86.67831698699996 33.64703496900006)
170,171,0,07/14/2020 00:38:36.867,3.24371,22.853,0.989,0.007,1.234,107.1,10,21.9,2,33.64639664,-86.67357636,P25,5,P25L4,True,POINT (-86.67357154799998 33.64639034800007)
171,172,0,07/18/2020 21:35:39.156,2.37372,15.509,0.881,0.005,0.386,256.8,16,7.6,1,33.64568329,-86.68138123,P25,6,P25L5,True,POINT (-86.68137637899997 33.64567699700007)
172,173,0,07/15/2020 23:52:48.710,2.39837,2.713,0.981,0.011,0.458,181.9,19,5.3,2,33.65421295,-86.66904449,P25,7,P25L6,True,POINT (-86.66903963799996 33.65420661200005)
173,174,0,07/16/2020 00:01:45.491,4.13969,8.573,0.997,0.007,2.19,161.2,20,43.0,6,33.65369034,-86.67127991,P25,8,P25L7,True,POINT (-86.67127509499994 33.65368400500006)
174,175,0,07/15/2020 23:31:03.827,2.24122,6.073,0.955,0.014,0.264,176.4,19,6.0,2,33.64870834,-86.67584991,P25,9,P25L9,True,POINT (-86.67584509299996 33.64870198700004)
175,176,0,07/15/2020 23:32:29.843,2.17786,7.152,0.939,0.016,0.201,161.6,16,2.9,3,33.64573288,-86.67501068,P25,10,P25L10,True,POINT (-86.67500579799997 33.64572657800005)
176,177,0,07/15/2020 23:43:55.001,2.47147,7.475,0.977,0.013,0.515,282.2,17,8.2,2,33.6513176,-86.67904663,P25,11,P25L11,True,POINT (-86.67904174699999 33.65131125600004)
177,178,0,07/16/2020 00:06:41.427,2.09538,-1.243,0.898,0.017,0.161,139.9,15,1.4,2,33.65028381,-86.67227173,P25,12,P25L12,True,POINT (-86.67226683499996 33.65027751900004)
178,179,0,07/18/2020 21:33:08.628,2.31552,15.613,0.912,0.007,0.334,199.5,18,3.3,2,33.6478157,-86.67149353,P25,13,P25L13,True,POINT (-86.67148871499995 33.64780940500003)
179,180,0,07/18/2020 22:16:59.592,2.00365,3.676,0.901,0.088,0.064,83.4,8,0.6,2,33.64884949,-86.66960907,P25,14,P25L14,True,POINT (-86.66960422899996 33.64884317200006)
180,181,0,07/14/2020 00:04:40.336,2.0144,-0.558,0.767,0.037,0.035,38.9,6,0.1,1,33.65127563,-86.67364502,P25,15,P25L16,True,POINT (-86.67364017899996 33.65126930600007)
181,182,0,07/14/2020 00:08:50.396,2.04084,1.534,0.763,0.09,0.059,20.0,6,0.2,1,33.65383148,-86.67549133,P25,16,P25L17,True,POINT (-86.67548648599995 33.65382518200005)
182,183,0,07/14/2020 00:17:15.638,2.33008,4.354,0.953,0.01,0.319,294.8,19,13.2,1,33.65109634,-86.67980957,P25,17,P25L18,True,POINT (-86.67980468599995 33.65108998800002)
183,184,0,07/14/2020 00:33:55.267,3.25085,18.416,0.98,0.005,1.248,253.8,24,23.1,1,33.65097046,-86.67568207,P25,18,P25L20,True,POINT (-86.67567719799996 33.65096413600003)
184,185,0,07/14/2020 00:48:24.336,2.56153,16.392,0.969,0.008,0.589,119.5,21,4.4,1,33.65398407,-86.67015839,P25,19,P25L21,True,POINT (-86.67015354899996 33.65397772400007)
185,186,0,07/14/2020 00:55:56.227,2.04126,9.709,0.719,0.011,0.072,44.6,5,0.3,1,33.65076065,-86.67112732,P25,20,P25L22,True,POINT (-86.67112247199998 33.65075430800005)
186,187,0,07/15/2020 23:37:28.953,2.06598,2.546,0.77,0.009,0.098,68.1,9,0.4,1,33.64902878,-86.67829132,P25,21,P25L23,True,POINT (-86.67828644399998 33.64902242000005)
187,188,0,07/15/2020 23:48:08.032,2.07151,2.101,0.834,0.02,0.115,87.1,11,1.2,1,33.6534729,-86.66579437,P25,22,P25L24,True,POINT (-86.66578953399994 33.65346655600007)
188,189,0,07/15/2020 23:49:46.336,2.07125,0.513,0.792,0.017,0.115,64.1,5,1.1,1,33.65399933,-86.66580963,P25,23,P25L25,True,POINT (-86.66580480599998 33.65399297800008)
189,190,0,07/15/2020 23:55:29.478,2.04838,-0.732,0.87,0.014,0.111,75.2,8,0.5,1,33.65431595,-86.66994476,P25,24,P25L26,True,POINT (-86.66993992999994 33.65430965300004)
190,191,0,07/16/2020 00:11:06.028,2.0737,1.192,0.955,0.018,0.144,212.9,18,2.9,1,33.65118027,-86.67613983,P25,25,P25L27,True,POINT (-86.67613497999997 33.65117396400007)
191,192,0,07/16/2020 00:20:05.369,1.9766,4.917,0.761,0.017,0.018,51.0,5,0.1,1,33.65109634,-86.68225861,P25,26,P25L28,True,POINT (-86.68225376299995 33.65108998800002)
192,193,0,07/18/2020 21:20:27.387,2.01666,11.336,0.923,0.099,0.058,77.7,11,0.4,1,33.64629364,-86.67498016,P25,27,P25L29,True,POINT (-86.67497534499995 33.64628729800006)
193,194,0,07/18/2020 21:53:32.001,1.98254,7.264,0.772,0.055,0.019,50.0,6,0.1,1,33.66254044,-86.67045593,P25,28,P25L30,True,POINT (-86.67045106999996 33.66253410600007)
194,195,0,07/18/2020 22:18:47.214,2.04296,0.175,0.819,0.029,0.087,11.9,5,0.1,1,33.64517975,-86.67331696,P25,29,P25L31,True,POINT (-86.67331211499999 33.64517340700007)
195,196,0,07/18/2020 22:50:05.537,3.13614,17.129,0.988,0.008,1.205,210.8,18,28.1,4,33.61897659,-86.70542145,P26,1,P26L1,True,POINT (-86.70541654799996 33.61897027300006)
196,197,0,07/15/2020 22:09:45.184,3.76086,21.947,0.991,0.005,1.792,272.3,23,98.5,5,33.61512375,-86.69971466,P26,2,P26L2,True,POINT (-86.69970982199999 33.61511744700005)
197,198,0,07/14/2020 02:15:50.390,2.26654,0.39,0.795,0.007,0.208,61.2,6,0.9,1,33.6156044,-86.70702362,P26,3,P26L6,True,POINT (-86.70701878299997 33.61559809700003)
198,199,0,07/14/2020 02:19:56.355,2.1646,-1.5,0.803,0.018,0.1,28.6,8,0.2,1,33.61795807,-86.69664001,P26,4,P26L7,True,POINT (-86.69663515899998 33.61795178100004)
199,200,0,07/14/2020 02:24:13.379,2.10127,6.757,0.778,0.014,0.043,139.7,10,0.4,1,33.61160278,-86.70001984,P26,5,P26L8,True,POINT (-86.70001497999993 33.61159646900006)
200,201,0,07/14/2020 02:35:54.000,2.09323,10.987,0.834,0.003,0.073,68.1,6,0.6,1,33.60942078,-86.69738007,P26,6,P26L9,True,POINT (-86.69737519199998 33.60941446000004)
201,202,0,07/14/2020 02:40:10.000,2.70616,14.356,0.978,0.007,0.646,181.2,21,13.8,1,33.61109924,-86.69863129,P26,7,P26L10,True,POINT (-86.69862645499995 33.61109290400003)
202,203,0,07/14/2020 02:47:01.648,2.05483,-3.866,0.885,0.023,0.032,79.8,7,0.2,1,33.60788345,-86.69626617,P26,8,P26L11,True,POINT (-86.69626128099998 33.60787716000004)
203,204,0,07/15/2020 22:04:14.022,1.96344,12.618,0.754,0.093,0.025,62.0,5,0.1,1,33.61407089,-86.69272614,P26,9,P26L12,True,POINT (-86.69272129099994 33.61406457300006)
204,205,0,07/15/2020 22:10:04.640,2.02847,10.822,0.777,0.016,0.06,91.1,8,0.1,1,33.61724091,-86.70041656,P26,10,P26L13,True,POINT (-86.70041167599999 33.61723460400003)
205,206,0,07/15/2020 22:22:20.076,2.11715,3.688,0.818,0.008,0.185,142.7,11,1.7,1,33.61231995,-86.70114136,P26,11,P26L14,True,POINT (-86.70113652599997 33.61231361900008)
206,207,0,07/15/2020 22:24:38.316,1.99862,3.793,0.92,0.052,0.054,47.3,5,0.2,1,33.6114769,-86.70080566,P26,12,P26L15,True,POINT (-86.70080082599998 33.61147055900005)
207,208,0,07/15/2020 22:26:31.980,1.99668,4.443,0.917,0.083,0.043,211.8,17,0.7,1,33.61305237,-86.70278168,P26,13,P26L16,True,POINT (-86.70277684999996 33.61304602400003)
208,209,0,07/15/2020 22:41:40.576,2.11048,9.281,0.858,0.011,0.163,166.9,12,1.7,1,33.6093483,-86.69306946,P26,14,P26L17,True,POINT (-86.69306462699996 33.60934196400007)
209,210,0,07/15/2020 22:42:00.032,2.25701,10.762,0.925,0.008,0.307,146.4,15,3.2,1,33.60824203,-86.69520569,P26,15,P26L18,True,POINT (-86.69520081999997 33.60823567600005)
210,211,0,07/19/2020 00:08:22.728,2.28538,6.645,0.883,0.006,0.313,88.5,18,2.4,2,33.62729263,-86.70088196,P27,1,P27L0,True,POINT (-86.70087709199998 33.62728629000003)
211,212,0,07/19/2020 00:31:52.468,2.62551,2.468,0.964,0.006,0.654,102.9,15,3.3,2,33.63270569,-86.70128632,P27,2,P27L1,True,POINT (-86.70128142299995 33.63269939000003)
212,213,0,07/15/2020 02:03:45.796,2.38582,10.08,0.865,0.008,0.36,78.1,15,1.7,2,33.63375473,-86.70087433,P27,3,P27L2,True,POINT (-86.70086945599996 33.63374837200007)
213,214,0,07/15/2020 02:08:52.075,2.21345,10.446,0.786,0.011,0.185,105.4,12,2.1,3,33.63179016,-86.69442749,P27,4,P27L3,True,POINT (-86.69442260899996 33.63178382900003)
214,215,0,07/22/2020 01:06:15.254,2.04509,4.94,0.951,0.064,0.094,85.0,18,1.0,2,33.63174057,-86.69685364,P27,5,P27L4,True,POINT (-86.69684877799995 33.63173424000007)
215,216,0,07/15/2020 01:32:47.544,2.71754,1.762,0.944,0.006,0.683,123.3,17,5.4,1,33.63223648,-86.69340515,P27,6,P27L5,True,POINT (-86.69340032599996 33.63223013000004)
216,217,0,07/15/2020 01:35:35.480,2.05934,0.396,0.834,0.03,0.051,94.6,13,0.2,1,33.63396835,-86.69786072,P27,7,P27L6,True,POINT (-86.69785587899997 33.63396205600003)
217,218,0,07/15/2020 01:47:14.974,2.07313,15.987,0.73,0.033,0.026,52.5,5,0.1,1,33.62729263,-86.70252228,P27,8,P27L7,True,POINT (-86.70251741499999 33.62728629000003)
218,219,0,07/15/2020 01:56:40.529,2.20947,8.824,0.771,0.012,0.192,67.9,6,1.8,1,33.6307869,-86.69714355,P27,9,P27L8,True,POINT (-86.69713866399997 33.63078059800006)
219,220,0,07/15/2020 02:09:21.771,2.44919,13.505,0.941,0.01,0.389,157.0,18,4.1,1,33.63172531,-86.69590759,P27,10,P27L9,True,POINT (-86.69590276199995 33.63171898200005)
220,221,0,07/18/2020 23:47:46.555,2.29626,12.183,0.763,0.004,0.347,201.6,14,4.3,1,33.61985397,-86.69922638,P27,11,P27L11,True,POINT (-86.69922149799999 33.61984766900002)
221,222,0,07/19/2020 00:09:08.808,1.99107,5.239,0.827,0.009,0.019,14.1,6,0.1,1,33.62869644,-86.69972992,P27,12,P27L12,True,POINT (-86.69972509299998 33.62869010400004)
222,223,0,07/19/2020 00:09:17.000,2.13324,5.664,0.757,0.009,0.161,119.7,10,2.0,1,33.62903595,-86.69894409,P27,13,P27L13,True,POINT (-86.69893924699994 33.62902961000003)
223,224,0,07/19/2020 00:28:23.572,2.07319,0.269,0.807,0.012,0.103,70.9,10,0.5,1,33.62908936,-86.7036438,P27,14,P27L14,True,POINT (-86.70363896199996 33.62908301500005)
224,225,0,07/19/2020 00:30:03.924,2.03567,-1.216,0.754,0.01,0.066,61.3,5,0.2,1,33.63077927,-86.70342255,P27,15,P27L15,True,POINT (-86.70341770699997 33.63077297000007)
225,226,0,07/19/2020 00:41:25.294,3.23707,5.333,0.987,0.005,1.276,155.5,18,24.4,1,33.62809372,-86.69661713,P27,16,P27L16,True,POINT (-86.69661225199997 33.62808738200005)
226,227,0,07/22/2020 01:06:33.686,2.02766,6.021,0.936,0.065,0.077,75.8,9,0.3,1,33.63237,-86.69763184,P27,17,P27L18,True,POINT (-86.69762698799997 33.63236371300007)
227,228,0,07/19/2020 01:48:35.963,4.43308,11.156,0.997,0.005,2.454,280.0,24,28.9,6,33.62434769,-86.68717194,P28,1,P28L0,True,POINT (-86.68716709799997 33.62434133200003)
228,229,0,07/14/2020 23:27:34.456,2.86963,7.854,0.986,0.007,0.87,171.6,18,10.9,4,33.62331009,-86.69120789,P28,2,P28L1,True,POINT (-86.69120304799998 33.62330375500005)
229,230,0,07/14/2020 23:39:29.617,3.45683,3.997,0.991,0.004,1.443,191.3,21,43.1,2,33.62065506,-86.69376373,P28,3,P28L2,True,POINT (-86.69375884399994 33.62064875500005)
230,231,0,07/19/2020 01:56:04.577,2.83872,9.606,0.963,0.008,0.84,173.9,12,31.4,3,33.61411667,-86.6895752,P28,4,P28L3,True,POINT (-86.68957036099994 33.61411035600003)
231,232,0,07/19/2020 01:50:19.387,2.45288,2.919,0.947,0.008,0.474,301.6,17,12.2,2,33.61775589,-86.68854523,P28,5,P28L4,True,POINT (-86.68854035299995 33.61774957700004)
232,233,0,07/19/2020 01:47:09.947,6.40911,20.859,0.999,0.005,4.396,185.4,13,46.6,5,33.62015152,-86.68718719,P28,6,P28L5,True,POINT (-86.68718236999996 33.62014516900007)
233,234,0,07/22/2020 00:24:56.150,2.82601,4.723,0.94,0.003,0.828,135.1,13,14.5,1,33.61962509,-86.68714905,P28,7,P28L6,True,POINT (-86.68714419099996 33.61961876400005)
234,235,0,07/19/2020 01:20:33.940,2.13314,5.509,0.976,0.064,0.148,319.2,28,11.7,3,33.6188736,-86.69554138,P28,8,P28L7,True,POINT (-86.69553651999996 33.61886726400007)
235,236,0,07/19/2020 01:33:30.235,4.50249,17.502,0.995,0.007,2.535,145.6,18,32.2,3,33.61834335,-86.68871307,P28,9,P28L8,True,POINT (-86.68870824799995 33.61833703600007)
236,237,0,07/19/2020 01:43:37.979,2.10392,-0.634,0.818,0.011,0.132,92.7,7,1.9,2,33.6216507,-86.68994904,P28,10,P28L9,True,POINT (-86.68994414899998 33.62164439900005)
237,238,0,07/19/2020 01:43:28.763,2.23214,-0.251,0.795,0.007,0.26,138.7,11,8.8,4,33.62163925,-86.69126129,P28,11,P28L10,True,POINT (-86.69125640799996 33.62163295400006)
238,239,0,07/22/2020 00:17:45.763,2.89628,6.529,0.939,0.004,0.876,158.2,15,11.3,2,33.60844421,-86.68926239,P28,12,P28L11,True,POINT (-86.68925756799996 33.60843790200005)
239,240,0,07/19/2020 02:01:07.374,3.54992,13.299,0.992,0.007,1.561,123.3,12,18.4,2,33.62097168,-86.69176483,P28,13,P28L12,True,POINT (-86.69176000299996 33.62096532800007)
240,241,0,07/14/2020 23:57:28.606,2.13756,8.341,0.988,0.065,0.128,20.3,10,0.2,1,33.61433792,-86.68809509,P28,14,P28L14,True,POINT (-86.68809020699996 33.61433157000005)
241,242,0,07/14/2020 23:58:09.566,2.14142,2.148,0.884,0.013,0.127,228.1,13,1.8,1,33.61029434,-86.68836212,P28,15,P28L15,True,POINT (-86.68835727599998 33.61028798800004)
242,243,0,07/15/2020 00:10:38.417,2.31013,1.816,0.813,0.007,0.296,141.3,14,1.9,1,33.61548996,-86.68991852,P28,16,P28L16,True,POINT (-86.68991369699995 33.61548363900005)
243,244,0,07/15/2020 00:12:26.961,2.03854,0.872,0.784,0.023,0.027,67.1,6,0.0,1,33.61791992,-86.69006348,P28,17,P28L17,True,POINT (-86.69005859499998 33.61791362900004)
244,245,0,07/15/2020 00:13:29.425,2.53045,3.888,0.933,0.006,0.519,170.4,15,12.7,1,33.61363602,-86.69115448,P28,18,P28L18,True,POINT (-86.69114959899997 33.61362969900006)
245,246,0,07/15/2020 00:17:04.465,2.16671,1.802,0.847,0.006,0.147,69.5,8,0.9,1,33.61738968,-86.6860199,P28,19,P28L19,True,POINT (-86.68601500899996 33.61738339500005)
246,247,0,07/15/2020 00:23:52.529,2.09496,1.87,0.83,0.031,0.056,87.0,8,0.3,1,33.61966705,-86.68979645,P28,20,P28L20,True,POINT (-86.68979161599998 33.61966073000008)
247,248,0,07/19/2020 01:22:14.292,2.18356,0.279,0.887,0.011,0.193,105.9,14,2.8,1,33.61969757,-86.69431305,P28,21,P28L22,True,POINT (-86.69430816399995 33.61969125000007)
248,249,0,07/19/2020 01:35:01.371,2.11068,0.745,0.898,0.015,0.141,60.3,11,0.9,1,33.61835098,-86.68947601,P28,22,P28L23,True,POINT (-86.68947118699998 33.61834466600004)
249,250,0,07/19/2020 01:45:55.195,2.13742,-0.247,0.778,0.011,0.142,38.4,10,0.3,1,33.61870193,-86.68553925,P28,23,P28L24,True,POINT (-86.68553441099994 33.61869558300003)
250,251,0,07/21/2020 23:38:46.128,2.09299,2.146,0.738,0.024,0.064,26.9,5,0.1,1,33.62217331,-86.69248199,P28,24,P28L25,True,POINT (-86.69247712799995 33.62216697700006)
251,252,0,07/21/2020 23:44:41.763,2.40243,3.301,0.947,0.005,0.38,116.7,15,3.8,1,33.62642288,-86.69683838,P28,25,P28L26,True,POINT (-86.69683350699995 33.62641652400004)
252,253,0,07/21/2020 23:48:30.115,2.08812,4.228,0.882,0.052,0.056,120.5,16,0.4,1,33.62109756,-86.69304657,P28,26,P28L27,True,POINT (-86.69304171899995 33.62109122300006)
253,254,0,07/22/2020 00:11:18.486,2.31613,5.05,0.769,0.007,0.315,138.8,13,4.0,1,33.61358643,-86.69039154,P28,27,P28L28,True,POINT (-86.69038665999994 33.61358009900005)
254,255,0,07/22/2020 00:14:37.347,2.09875,3.903,0.751,0.013,0.083,23.0,5,0.2,1,33.61847305,-86.69004822,P28,28,P28L29,True,POINT (-86.69004332399999 33.61846675100003)
255,256,0,07/22/2020 00:24:41.814,2.45509,5.027,0.9,0.005,0.457,59.9,6,2.0,1,33.62018204,-86.68774414,P28,29,P28L30,True,POINT (-86.68773932499994 33.62017568900006)
256,257,0,07/21/2020 23:06:08.342,3.27862,8.809,0.965,0.004,1.287,243.3,15,48.4,4,33.63192368,-86.6778717,P29,1,P29L0,True,POINT (-86.67786684199996 33.63191733800005)
257,258,0,07/21/2020 23:20:08.227,2.79824,3.727,0.776,0.003,0.799,82.3,13,6.9,3,33.6270256,-86.67804718,P29,2,P29L1,True,POINT (-86.67804237299998 33.62701925700003)
258,259,0,07/21/2020 23:15:01.846,3.35585,9.204,0.975,0.005,1.359,126.3,17,9.1,1,33.62619781,-86.67738342,P29,3,P29L3,True,POINT (-86.67737860799997 33.62619152600007)
259,260,0,07/23/2020 00:01:48.603,2.07916,6.256,0.846,0.008,0.248,131.5,21,2.1,1,33.6268425,-86.67362976,P29,4,P29L5,True,POINT (-86.67362490899995 33.62683614800005)
260,261,0,07/23/2020 00:38:38.292,2.4463,6.266,0.944,0.005,0.573,123.8,24,3.7,1,33.62014389,-86.68478394,P29,5,P29L6,True,POINT (-86.68477910799999 33.62013753800005)
261,262,0,07/21/2020 02:40:19.324,2.93542,-0.977,0.986,0.006,0.96,214.1,27,29.3,11,33.62792969,-86.6844101,P30,1,P30L0,True,POINT (-86.68440522799995 33.62792334900007)
262,263,0,07/21/2020 01:31:50.729,2.28668,2.386,0.86,0.007,0.31,110.1,13,2.2,3,33.63215637,-86.6885376,P31,1,P31L0,True,POINT (-86.68853271599994 33.63215002400005)
263,264,0,07/21/2020 01:29:09.756,2.10997,1.583,0.871,0.01,0.121,44.6,5,0.6,1,33.63207245,-86.68913269,P31,2,P31L1,True,POINT (-86.68912784999998 33.63206610500004)
264,265,0,07/21/2020 01:18:37.539,2.3095,4.071,0.803,0.007,0.315,210.3,19,2.9,1,33.6348381,-86.68846893,P31,3,P31L3,True,POINT (-86.68846408499996 33.63483174500004)
265,266,0,07/21/2020 01:20:19.222,2.40291,3.279,0.913,0.005,0.408,197.4,18,4.5,1,33.6338501,-86.69187164,P31,4,P31L4,True,POINT (-86.69186681199994 33.63384380800005)
266,267,0,07/21/2020 01:29:57.884,2.0726,1.932,0.896,0.021,0.083,113.0,12,0.8,1,33.63215256,-86.69064331,P31,5,P31L5,True,POINT (-86.69063845599999 33.63214621000003)
267,268,0,07/21/2020 01:32:10.185,2.27033,2.632,0.913,0.009,0.294,162.9,15,6.1,1,33.63251877,-86.68850708,P31,6,P31L6,True,POINT (-86.68850226299998 33.63251247900007)
268,269,0,07/21/2020 01:35:20.649,2.34301,2.282,0.943,0.007,0.355,154.9,15,3.5,1,33.63523483,-86.68843842,P31,7,P31L7,True,POINT (-86.68843354199998 33.63522851800008)
269,270,0,07/25/2020 01:27:21.320,1.99769,13.592,0.903,0.042,0.071,182.5,25,0.9,1,33.63618851,-86.68724823,P31,8,P31L10,True,POINT (-86.68724336399998 33.63618218500005)
270,271,0,07/25/2020 01:39:20.475,2.0152,6.088,0.841,0.017,0.116,117.4,10,1.0,1,33.62872696,-86.69322968,P31,9,P31L11,True,POINT (-86.69322479499994 33.62872062100007)
271,272,0,07/25/2020 02:00:17.332,2.35616,4.083,0.795,0.005,0.419,89.5,12,2.8,1,33.63847733,-86.68860626,P31,10,P31L12,True,POINT (-86.68860143699999 33.63847098800005)
272,273,0,07/23/2020 03:52:56.532,2.65955,1.867,0.985,0.011,0.674,157.0,16,11.6,6,33.62001038,-86.66644287,P32,1,P32L0,True,POINT (-86.66643802999994 33.62000408500006)
273,274,0,07/23/2020 03:55:03.508,3.12044,1.172,0.981,0.006,1.135,139.8,8,20.7,3,33.62322617,-86.66812897,P32,2,P32L1,True,POINT (-86.66812407699996 33.62321982600002)
274,275,0,08/11/2020 22:04:29.110,2.15577,7.323,0.913,0.012,0.229,281.0,16,9.5,2,33.62958527,-86.66613007,P32,3,P32L2,True,POINT (-86.66612523599997 33.62957891900004)
275,276,0,07/27/2020 21:59:47.401,3.49537,9.692,0.988,0.005,1.568,103.1,13,28.8,6,33.6241684,-86.66764069,P32,4,P32L3,True,POINT (-86.66763584299997 33.62416210700007)
276,277,0,07/27/2020 22:36:06.268,2.17391,14.688,0.976,0.025,0.247,176.0,25,1.9,2,33.61398315,-86.67837524,P32,5,P32L4,True,POINT (-86.67837034899998 33.61397681900007)
277,278,0,08/11/2020 22:02:16.707,3.1059,18.327,0.996,0.01,1.179,202.6,12,33.5,2,33.63997269,-86.65814209,P32,6,P32L5,True,POINT (-86.65813723899998 33.63996638400005)
278,279,0,07/23/2020 03:55:48.667,2.06445,-4.286,0.808,0.007,0.138,119.9,7,0.8,1,33.63017654,-86.66567993,P32,7,P32L7,True,POINT (-86.66567508999998 33.63017018600004)
279,280,0,07/27/2020 21:53:08.860,2.01666,4.109,0.887,0.028,0.059,203.5,13,0.7,1,33.61124802,-86.68177795,P32,8,P32L8,True,POINT (-86.68177307599996 33.61124170700003)
280,281,0,07/27/2020 22:03:18.345,1.98365,0.807,0.882,0.005,0.064,119.7,7,0.5,1,33.6391983,-86.65877533,P32,9,P32L9,True,POINT (-86.65877046099996 33.63919195200003)
281,282,0,07/27/2020 22:17:31.644,2.42448,-1.093,0.926,0.005,0.481,130.4,20,3.5,1,33.64056778,-86.66087341,P32,10,P32L12,True,POINT (-86.66086856499999 33.64056146900003)
282,283,0,07/27/2020 22:19:16.092,2.01319,-1.097,0.931,0.072,0.079,129.2,17,0.5,1,33.64189148,-86.65657806,P32,11,P32L13,True,POINT (-86.65657318199999 33.64188512000004)
283,284,0,08/11/2020 21:47:34.633,2.25668,10.905,0.794,0.008,0.319,34.0,10,0.8,1,33.62252808,-86.66811371,P32,12,P32L15,True,POINT (-86.66810889599998 33.62252176700002)
284,285,0,08/11/2020 21:54:54.339,1.96969,8.804,0.772,0.054,0.015,46.7,5,0.1,1,33.64816666,-86.65415192,P32,13,P32L16,True,POINT (-86.65414710199997 33.64816035100006)
285,286,0,08/11/2020 22:08:50.230,2.03098,5.792,0.885,0.069,0.109,114.6,9,1.4,1,33.62242508,-86.66993713,P32,14,P32L17,True,POINT (-86.66993229599996 33.62241876400003)
286,287,0,07/27/2020 23:27:12.944,2.04112,14.198,0.757,0.016,0.061,14.1,9,0.0,1,33.6347084,-86.66763306,P33,1,P33L2,True,POINT (-86.66762820699995 33.63470205400006)
287,288,0,07/27/2020 23:30:20.336,2.3311,15.556,0.931,0.006,0.368,133.7,12,3.6,1,33.63472366,-86.66883087,P33,2,P33L3,True,POINT (-86.66882601999998 33.63471731200008)
288,289,0,08/11/2020 22:57:10.403,2.06651,-0.328,0.913,0.072,0.061,82.5,8,0.6,1,33.63064194,-86.67378235,P33,3,P33L4,True,POINT (-86.67377753299996 33.63063564300006)
289,290,0,08/11/2020 22:59:49.123,2.05221,-0.766,0.803,0.059,0.025,43.1,6,0.0,1,33.63017654,-86.67326355,P33,4,P33L5,True,POINT (-86.67325866599998 33.63017018600004)
290,291,0,08/11/2020 23:01:26.505,2.05214,-0.9,0.913,0.042,0.052,51.6,12,0.2,1,33.63112259,-86.67150116,P33,5,P33L6,True,POINT (-86.67149635099997 33.63111628100006)
291,292,0,08/11/2020 23:03:25.289,2.09064,-0.932,0.795,0.041,0.09,18.2,8,0.0,1,33.63006592,-86.6727066,P33,6,P33L7,True,POINT (-86.67270171099995 33.63005956200004)
292,293,0,08/11/2020 23:03:52.937,2.08866,-1.72,0.753,0.012,0.088,54.9,7,0.2,1,33.63028336,-86.67234039,P33,7,P33L8,True,POINT (-86.67233555699994 33.63027707000003)
293,294,0,08/11/2020 23:12:57.910,2.30288,1.969,0.777,0.006,0.258,95.3,6,3.0,1,33.63848114,-86.66869354,P33,8,P33L9,True,POINT (-86.66868866699997 33.63847480200008)
294,295,0,08/11/2020 23:14:36.419,2.21303,3.307,0.964,0.025,0.164,41.6,8,0.5,1,33.63912582,-86.66616058,P33,9,P33L10,True,POINT (-86.66615568799995 33.63911948200007)
295,296,0,08/11/2020 23:31:59.260,2.11409,6.293,0.898,0.085,0.053,58.3,11,0.2,1,33.63212967,-86.67543793,P33,10,P33L13,True,POINT (-86.67543303699995 33.63212332200004)
296,297,0,08/20/2020 23:34:02.934,1.98784,7.675,0.981,0.079,0.05,204.1,22,0.6,1,33.6366806,-86.67147827,P33,11,P33L15,True,POINT (-86.67147344399996 33.63667430900006)
297,298,0,08/20/2020 23:58:25.820,1.96317,6.17,0.839,0.051,0.015,49.2,5,0.1,1,33.63095093,-86.67111206,P33,12,P33L16,True,POINT (-86.67110720099998 33.63094462500004)
298,299,0,07/28/2020 00:29:32.592,3.58566,8.86,0.967,0.003,1.594,165.4,19,24.9,5,33.64191818,-86.66075134,P34,1,P34L0,True,POINT (-86.66074648399996 33.64191181900003)
299,300,0,07/28/2020 00:47:50.524,2.5791,3.769,0.894,0.004,0.573,127.5,14,5.9,3,33.64457321,-86.68061829,P34,2,P34L1,True,POINT (-86.68061343999995 33.64456691200007)
300,301,0,08/12/2020 00:15:24.009,2.30906,9.043,0.92,0.016,0.261,37.0,11,1.8,2,33.64564514,-86.68057251,P34,3,P34L2,True,POINT (-86.68056762599997 33.64563878300004)
301,302,0,08/11/2020 23:50:39.312,2.12238,9.6,0.846,0.06,0.073,102.9,12,0.6,2,33.63981628,-86.67071533,P34,4,P34L3,True,POINT (-86.67071050499999 33.63980992800003)
302,303,0,08/11/2020 23:52:06.352,2.16466,6.535,0.765,0.005,0.134,89.3,6,1.5,2,33.64012909,-86.67221832,P34,5,P34L4,True,POINT (-86.67221347599997 33.64012276600005)
303,304,0,08/11/2020 23:52:23.760,4.11483,16.182,0.99,0.005,2.084,197.7,14,71.5,3,33.63996506,-86.66960144,P34,6,P34L5,True,POINT (-86.66959659399998 33.63995875600006)
304,305,0,08/11/2020 23:57:29.219,2.15922,5.868,0.773,0.064,0.072,2.1,5,0.0,2,33.64203644,-86.66570282,P34,7,P34L6,True,POINT (-86.66569799699994 33.64203013100007)
305,306,0,08/12/2020 00:07:49.148,2.14908,7.003,0.837,0.032,0.088,80.9,11,1.0,2,33.64536285,-86.67827606,P34,8,P34L7,True,POINT (-86.67827117299998 33.64535655200007)
306,307,0,08/21/2020 00:31:01.865,2.24149,2.415,0.812,0.007,0.241,85.6,11,1.4,2,33.64199829,-86.6789093,P34,9,P34L8,True,POINT (-86.67890448499998 33.64199199000007)
307,308,0,07/28/2020 00:19:49.731,1.99589,9.115,0.804,0.015,0.006,62.3,5,0.1,1,33.63836288,-86.68231964,P34,10,P34L9,True,POINT (-86.68231475899995 33.63835656100008)
308,309,0,07/28/2020 00:26:32.368,2.07712,4.809,0.734,0.005,0.106,62.9,5,0.5,1,33.63973236,-86.66915894,P34,11,P34L10,True,POINT (-86.66915408399996 33.63972601600005)
309,310,0,07/28/2020 00:43:24.284,2.4815,3.563,0.853,0.005,0.495,67.9,5,3.5,1,33.64028168,-86.6818924,P34,12,P34L12,True,POINT (-86.68188751999998 33.64027533300003)
310,311,0,07/28/2020 00:53:04.892,2.1819,3.125,0.79,0.007,0.194,62.2,6,0.8,1,33.64024353,-86.68022919,P34,13,P34L13,True,POINT (-86.68022437999997 33.64023719100004)
311,312,0,08/11/2020 23:54:48.348,2.65971,10.569,0.916,0.01,0.616,112.9,9,13.5,1,33.64193344,-86.66631317,P34,14,P34L15,True,POINT (-86.66630831199996 33.64192715000007)
312,313,0,08/11/2020 23:56:31.772,2.81654,12.064,0.953,0.01,0.773,84.2,7,7.8,1,33.64196014,-86.66519165,P34,15,P34L16,True,POINT (-86.66518676599998 33.64195384900006)
313,314,0,08/11/2020 23:59:51.555,2.33892,10.042,0.973,0.015,0.298,105.2,16,3.2,1,33.64126205,-86.6732254,P34,16,P34L17,True,POINT (-86.67322057699994 33.64125571800002)
314,315,0,08/12/2020 00:06:03.472,2.18696,7.837,0.845,0.026,0.128,58.2,5,1.1,1,33.64476776,-86.67736053,P34,17,P34L18,True,POINT (-86.67735569999996 33.64476142500007)
315,316,0,08/12/2020 00:06:42.384,2.18302,8.02,0.928,0.032,0.118,74.5,12,0.7,1,33.64422226,-86.67734528,P34,18,P34L19,True,POINT (-86.67734042899997 33.64421595100004)
316,317,0,08/12/2020 00:10:03.497,2.16151,5.39,0.751,0.016,0.119,81.6,7,1.2,1,33.6447525,-86.68203735,P34,19,P34L20,True,POINT (-86.68203250799996 33.64474616900003)
317,318,0,08/12/2020 00:13:07.817,2.53241,7.663,0.86,0.006,0.492,158.0,16,13.5,1,33.64462662,-86.67939758,P34,20,P34L21,True,POINT (-86.67939271899996 33.64462030800007)
318,319,0,07/28/2020 02:28:30.384,2.94612,12.663,0.925,0.004,0.953,162.4,18,76.4,3,33.65069199,-86.66386414,P35,1,P35L0,True,POINT (-86.66385932499998 33.65068566100007)
319,320,0,07/28/2020 02:11:42.972,2.80185,15.908,0.846,0.003,0.839,160.8,16,19.2,5,33.64289093,-86.67004395,P35,2,P35L1,True,POINT (-86.67003910399995 33.64288463200006)
320,321,0,07/28/2020 02:22:14.166,71.784,368.368,1.0,0.005,69.781,225.1,20,0.1,3,33.64752579,-86.66325378,P35,3,P35L2,True,POINT (-86.66324891999994 33.64751947800005)
321,322,0,08/12/2020 02:00:05.368,5.47475,17.737,0.998,0.006,3.428,210.4,17,53.7,1,33.65042877,-86.66547394,P35,4,P35L3,True,POINT (-86.66546910599999 33.65042244000006)
322,323,0,07/28/2020 01:53:24.118,2.35612,9.262,0.849,0.005,0.345,138.7,13,7.6,1,33.65200043,-86.66092682,P35,5,P35L4,True,POINT (-86.66092201499998 33.65199412600003)
323,324,0,07/28/2020 02:02:09.430,2.16891,8.437,0.767,0.006,0.202,74.0,6,1.5,1,33.64994812,-86.66586304,P35,6,P35L5,True,POINT (-86.66585816599996 33.64994176000005)
324,325,0,07/28/2020 02:18:11.273,4.41828,20.136,0.992,0.003,2.41,140.7,19,23.0,1,33.64465332,-86.66549683,P35,7,P35L6,True,POINT (-86.66549201299995 33.64464700500002)
325,326,0,07/28/2020 02:26:19.209,2.00787,8.544,0.839,0.056,0.015,34.4,6,0.1,1,33.64610672,-86.6622467,P35,8,P35L7,True,POINT (-86.66224181899997 33.64610041600002)
326,327,0,07/28/2020 02:30:01.724,2.08571,8.482,0.747,0.017,0.034,81.6,8,0.2,1,33.6512146,-86.65917206,P35,9,P35L8,True,POINT (-86.65916724599998 33.65120828600004)
327,328,0,08/24/2020 21:28:52.816,2.00399,12.506,0.983,0.048,0.12,128.2,21,0.7,1,33.64504623,-86.66933441,P35,10,P35L14,True,POINT (-86.66932952499997 33.64503991900006)
328,329,0,08/26/2020 22:27:32.726,2.90318,5.016,0.935,0.005,1.041,216.9,19,21.9,8,33.62657547,-86.65382385,P36,1,P36L1,True,POINT (-86.65381903899998 33.62656911400006)
329,330,0,08/24/2020 22:40:33.206,3.28941,9.092,0.988,0.005,1.44,125.4,18,8.7,2,33.62799072,-86.65218353,P36,2,P36L2,True,POINT (-86.65217871599998 33.62798438300007)
330,331,0,07/28/2020 03:30:44.537,2.27823,13.994,0.816,0.008,0.264,183.4,18,4.5,3,33.63077545,-86.65011597,P36,3,P36L3,True,POINT (-86.65011115399994 33.63076915300007)
331,332,0,07/28/2020 03:34:34.937,2.84658,17.667,0.957,0.01,0.831,269.8,20,65.0,2,33.63125992,-86.65000153,P36,4,P36L4,True,POINT (-86.64999670799995 33.63125360400005)
332,333,0,07/28/2020 03:38:20.217,2.47631,14.851,0.861,0.004,0.442,103.4,5,11.4,1,33.62638474,-86.65433502,P36,5,P36L5,True,POINT (-86.65433017999999 33.62637844900007)
333,334,0,08/26/2020 23:12:49.500,3.38594,12.155,0.994,0.008,1.529,217.9,15,29.0,5,33.62788773,-86.65917969,P36,6,P36L6,True,POINT (-86.65917488299993 33.62788138600007)
334,335,0,08/26/2020 23:14:49.308,2.67607,5.973,0.982,0.008,0.817,154.0,14,10.8,4,33.62794876,-86.66231537,P36,7,P36L7,True,POINT (-86.66231054099995 33.62794242200005)
335,336,0,07/28/2020 03:25:18.905,5.50544,16.499,0.961,0.001,3.501,133.2,29,19.6,1,33.63091278,-86.64517212,P36,8,P36L10,True,POINT (-86.64516727699998 33.63090647800004)
336,337,0,07/28/2020 03:28:48.825,2.03837,14.938,0.846,0.098,0.031,49.6,5,0.1,1,33.62994003,-86.65088654,P36,9,P36L11,True,POINT (-86.65088172799994 33.62993367900003)
337,338,0,08/24/2020 22:39:26.544,2.08841,3.885,0.753,0.01,0.239,117.1,16,1.7,1,33.62779236,-86.64898682,P36,10,P36L12,True,POINT (-86.64898197199994 33.62778601800005)
338,339,0,08/24/2020 22:39:59.414,1.90055,4.044,0.873,0.062,0.051,60.1,11,0.2,1,33.6283493,-86.65021515,P36,11,P36L13,True,POINT (-86.65021032799996 33.62834296500006)
339,340,0,08/24/2020 23:14:35.062,2.10972,-0.566,0.723,0.007,0.239,5.4,5,0.1,1,33.62350082,-86.66378021,P36,12,P36L14,True,POINT (-86.66377533399998 33.62349450000005)
340,341,0,08/26/2020 22:26:34.358,1.89352,0.392,0.799,0.06,0.033,107.0,6,0.2,1,33.62368774,-86.66201019,P36,13,P36L15,True,POINT (-86.66200538399994 33.62368143000003)
341,342,0,08/26/2020 22:42:15.209,1.87318,0.394,0.788,0.053,0.019,55.0,6,0.1,1,33.62861633,-86.64756775,P36,14,P36L16,True,POINT (-86.64756290399998 33.62860999400004)
342,343,0,08/26/2020 23:13:29.436,1.98249,2.177,0.842,0.018,0.125,63.3,10,0.4,1,33.62385941,-86.66145325,P36,15,P36L17,True,POINT (-86.66144842899996 33.62385310100007)
343,344,0,06/18/2020 21:55:57.912,3.18749,18.708,0.972,0.004,1.171,151.0,13,19.9,4,33.5919189453,-86.6130218506,P58,1,P58L0,True,POINT (-86.61301703299995 33.59191262000007)
344,345,0,06/23/2020 23:33:00.673,2.28919,10.099,0.818,0.005,0.238,89.3,10,2.0,2,33.6067352295,-86.6042556763,P58,2,P58L1,True,POINT (-86.60425082499995 33.60672887700008)
345,346,0,06/24/2020 00:12:10.958,3.53311,15.185,0.985,0.006,1.563,237.1,21,27.4,2,33.6048622131,-86.5988922119,P58,3,P58L2,True,POINT (-86.59888734599997 33.60485589400002)
346,347,0,06/19/2020 22:05:47.214,2.15446,15.105,0.82,0.016,0.098,103.4,11,0.7,1,33.6095046997,-86.6006240845,P58,4,P58L3,True,POINT (-86.60061929699998 33.60949839800003)
347,348,0,06/19/2020 22:07:38.830,2.19023,13.95,0.756,0.008,0.134,91.4,8,0.5,1,33.6086540222,-86.6037597656,P58,5,P58L4,True,POINT (-86.60375495499994 33.60864768000005)
348,349,0,06/23/2020 23:38:56.001,2.07295,-1.926,0.818,0.006,0.031,84.5,5,0.1,1,33.6030387878,-86.6070022583,P58,6,P58L6,True,POINT (-86.60699742399999 33.60303247700006)
349,350,0,06/23/2020 23:41:35.745,2.29187,-0.589,0.952,0.005,0.305,214.4,19,6.7,1,33.5926170349,-86.6121902466,P58,7,P58L7,True,POINT (-86.61218537299999 33.59261070200006)
350,351,0,06/23/2020 23:53:04.078,2.10533,6.533,0.735,0.005,0.143,58.2,5,0.9,1,33.5911827087,-86.6134033203,P58,8,P58L8,True,POINT (-86.61339845799995 33.59117636900004)
351,352,0,06/23/2020 23:56:38.094,2.47836,8.005,0.95,0.005,0.516,220.3,18,7.4,1,33.5971870422,-86.6085357666,P58,9,P58L9,True,POINT (-86.60853093799994 33.59718076100006)
352,353,0,06/24/2020 00:03:16.430,2.15261,4.299,0.832,0.015,0.194,111.5,8,1.5,1,33.6019020081,-86.6085891724,P58,10,P58L10,True,POINT (-86.60858429699994 33.60189565600007)
353,354,0,06/19/2020 00:30:36.683,2.39763,-2.304,0.95,0.009,0.445,268.1,18,14.0,2,33.64585495,-86.5915527344,P59,1,P59L0,True,POINT (-86.59154792999999 33.64584862000004)
354,355,0,08/25/2020 02:11:22.064,3.73001,14.119,0.99,0.004,1.862,198.1,19,39.8,9,33.64749527,-86.63800812,P38,1,P38L0,True,POINT (-86.63800330299995 33.64748896600003)
355,356,0,08/27/2020 23:59:14.784,2.34077,7.467,0.886,0.007,0.481,139.2,22,4.3,3,33.65842056,-86.65084076,P39,1,P39L0,True,POINT (-86.65083591299998 33.65841420100003)
356,357,0,08/26/2020 01:21:08.328,1.94126,12.391,0.774,0.027,0.06,39.0,9,0.1,1,33.65841675,-86.65259552,P39,2,P39L2,True,POINT (-86.65259068099994 33.65841038800005)
357,358,0,08/26/2020 01:33:50.286,2.04539,5.978,0.912,0.011,0.173,147.9,17,2.0,1,33.65079498,-86.6545105,P39,3,P39L4,True,POINT (-86.65450561999995 33.65078863000008)
358,359,0,08/26/2020 01:36:30.030,2.01261,3.674,0.726,0.009,0.138,63.1,8,1.3,1,33.65317917,-86.65427399,P39,4,P39L5,True,POINT (-86.65426918299994 33.65317283400003)
359,360,0,08/27/2020 23:53:57.036,1.89068,6.773,0.871,0.088,0.025,88.4,11,0.0,1,33.65973282,-86.6526413,P39,5,P39L6,True,POINT (-86.65263649499997 33.65972651200008)
360,361,0,08/28/2020 00:05:13.184,2.0945,6.192,0.896,0.011,0.215,173.7,21,2.9,1,33.6504097,-86.65458679,P39,6,P39L7,True,POINT (-86.65458197699996 33.65040337100004)
361,362,0,08/29/2020 22:25:50.886,2.02502,10.028,0.965,0.05,0.102,120.6,13,0.8,1,33.65394211,-86.64880371,P39,7,P39L8,True,POINT (-86.64879889399998 33.65393577400005)
362,363,0,08/29/2020 22:30:14.054,2.11867,11.646,0.801,0.008,0.163,106.6,14,1.8,1,33.65985489,-86.65512085,P39,8,P39L9,True,POINT (-86.65511602399994 33.65984853700007)
363,364,0,08/29/2020 22:38:16.358,2.09975,14.484,0.861,0.011,0.133,68.8,8,0.4,1,33.65936279,-86.65267181,P39,9,P39L10,True,POINT (-86.65266694799999 33.65935647100002)
364,365,0,08/29/2020 22:42:39.628,2.00883,15.583,0.758,0.085,0.03,83.3,11,0.2,1,33.65929794,-86.65122986,P39,10,P39L11,True,POINT (-86.65122497299996 33.65929164400006)
365,366,0,08/29/2020 22:45:20.396,2.12345,15.112,0.817,0.007,0.166,84.8,8,2.0,1,33.65372467,-86.65326691,P39,11,P39L12,True,POINT (-86.65326208199997 33.65371832600005)
366,367,0,08/29/2020 23:44:01.728,3.22703,13.441,0.992,0.009,1.219,130.9,15,23.4,3,33.65973282,-86.63367462,P40,1,P40L0,True,POINT (-86.63366974099995 33.65972651100003)
367,368,0,08/29/2020 23:47:21.817,2.45181,4.643,0.836,0.005,0.454,97.8,13,3.5,2,33.65293121,-86.63404846,P40,2,P40L1,True,POINT (-86.63404361999994 33.65292487400006)
368,369,0,08/29/2020 23:41:33.145,2.3592,4.095,0.817,0.005,0.355,120.2,15,2.8,2,33.65731812,-86.63593292,P40,3,P40L3,True,POINT (-86.63592810499995 33.65731175700006)
369,370,0,08/29/2020 23:40:30.681,2.13493,2.922,0.769,0.007,0.131,59.6,7,1.1,2,33.65773773,-86.63653564,P40,4,P40L4,True,POINT (-86.63653078499999 33.65773138100008)
370,371,0,08/29/2020 23:15:33.184,1.97293,6.044,0.985,0.096,0.045,24.6,6,0.1,1,33.65579605,-86.6282196,P40,5,P40L8,True,POINT (-86.62821472299999 33.65578974300007)
371,372,0,08/29/2020 23:16:48.960,2.0053,1.604,0.902,0.03,0.102,53.1,10,0.6,1,33.65841293,-86.62788391,P40,6,P40L9,True,POINT (-86.62787911299995 33.65840657300004)
372,373,0,08/29/2020 23:24:39.180,2.03366,1.586,0.772,0.037,0.065,45.5,5,0.3,1,33.65400696,-86.63407135,P40,7,P40L10,True,POINT (-86.63406652699996 33.65400060400003)
373,374,0,08/29/2020 23:39:14.905,2.09244,2.732,0.821,0.023,0.098,99.0,13,1.2,1,33.6583252,-86.63764191,P40,8,P40L11,True,POINT (-86.63763705999997 33.65831886600006)
374,375,0,08/29/2020 23:50:12.825,2.06347,3.72,0.935,0.046,0.038,23.4,5,0.0,1,33.65592957,-86.63246155,P40,9,P40L12,True,POINT (-86.63245674699994 33.65592321500003)
375,376,0,08/30/2020 00:03:30.112,2.32814,17.578,0.935,0.022,0.29,95.2,24,1.4,1,33.64850998,-86.63313293,P40,10,P40L13,True,POINT (-86.63312805799995 33.64850366800005)
