,which1,timestamp,deviceTimestamp,name,channel,deviceID,latitude,longitude,locDevice,nextLat,prevLat,nextLon,prevLon,prevTime_ms,nextTime_ms,timediff_ms,distance_ms,velocity_ms,bearing_ms,theta_ms,bearing_north,bearing_east,windSpeed,windAngle,windReference,nearestMS,filledLat,filledLon,filled_velocity,filled_bearing,filled_bearing_n,filled_bearing_e,delta,theorWindNS,theorWindEW,theorWS
30223,fulltime,1603489280.221214,1603489280.218983,Actisense,Location,16.0,40.5459745,-105.03612700000001,HEMISPHERE,40.5459744,40.5459745,-105.03612790000001,-105.0361264,1603489280.111,1603489280.348,0.2369999885559082,0.12722980555881255,0.536834648533323,4.624880422850753,3.22910121112373,-0.046917691546263116,-0.534780487757235,6.0600000000000005,3.2253000000000003,248.0,1603489280.221,40.5459745,-105.03612700000001,0.536834648533323,4.624880422850753,-0.046917691546263116,-0.534780487757235,0.0,-0.023882407610146206,5.52517573120128,5.52522734645814
30349,fulltime,,,,,,,,,,,,,,,,,,,,,,6.01,3.3125,248.0,1603489280.347,40.5459744007874,-105.0361278929134,0.536834648533323,4.624880422850753,-0.046917691546263116,-0.534780487757235,0.0,-0.5475635795116234,5.454330773094693,5.481746989412712
30435,fulltime,,,,,,,,,,,,,,,,,,,,,,5.8100000000000005,3.3666,248.0,1603489280.433,40.54597449883721,-105.03612898720931,0.7933829919350178,4.71238899084863,8.301911828709428e-09,-0.7933829919350178,0.0,-1.2962896217006998,4.870161233649143,5.039725907732273
30522,fulltime,,,,,,,,,,,,,,,,,,,,,,5.55,3.4330000000000003,248.0,1603489280.52,40.54597459885058,-105.03613038390804,1.2277796433535044,4.817281746015071,0.12854917256007997,-1.2210315159189697,0.0,-2.013794462638892,3.898818457344158,4.388183394194293
30621,fulltime,,,,,,,,,,,,,,,,,,,,,,5.34,3.4993000000000003,248.0,1603489280.619,40.5459746,-105.03613198383839,1.3641391536503376,4.756227200365281,0.059782279847879136,-1.362828569387232,0.0,-2.0273109966247786,3.5524172693580316,4.0901905007797525
30724,fulltime,1603489280.722135,1603489280.720095,Actisense,Location,16.0,40.5459747,-105.03613390000001,HEMISPHERE,40.545975,40.5459746,-105.03613610000001,-105.03613200000001,1603489280.62,1603489280.857,0.2370002269744873,0.3492743539472847,1.4737300398656727,4.840079654020404,3.0139019799540785,0.18767061771989163,-1.4617318391713001,5.14,3.5673000000000004,248.0,1603489280.722,40.5459747,-105.03613390000001,1.4737300398656727,4.840079654020404,0.18767061771989163,-1.4617318391713001,0.0,-2.513816242241232,2.9110897608322244,3.846259962012194
30857,fulltime,,,,,,,,,,,,,,,,,,,,,,5.04,3.618,248.0,1603489280.855,40.545974995555554,-105.03613606740741,1.4737300398656727,4.840079654020404,0.18767061771989163,-1.4617318391713001,0.0,-2.6751500038237492,2.686262626695847,3.791099371230076
30925,fulltime,1603489280.922559,1603489280.919564,Actisense,Location,16.0,40.5459753,-105.0361386,HEMISPHERE,40.5459758,40.545975,-105.0361413,-105.03613610000001,1603489280.857,1603489281.01,0.1529998779296875,0.4482901878952444,2.930003565762714,4.912148731283401,2.9418329026910817,0.5814119318693404,-2.8717383343303027,4.93,3.6703,248.0,1603489280.923,40.5459753,-105.0361386,2.930003565762714,4.912148731283401,0.5814119318693404,-2.8717383343303027,0.0,-2.700620068596007,0.8070068250849871,2.81861823783166
31012,fulltime,1603489281.010366,1603489281.007354,Actisense,Location,16.0,40.5459758,-105.0361413,HEMISPHERE,40.5459765,40.5459753,-105.03614409999999,-105.0361386,1603489280.923,1603489281.12,0.19699978828430176,0.48350097958606764,2.454322330987988,4.9919923764357845,2.8619892575386983,0.6773303007178242,-2.359008640958276,4.68,3.7227,248.0,1603489281.01,40.5459758,-105.0361413,2.454322330987988,4.9919923764357845,0.6773303007178242,-2.359008640958276,0.0,-2.8715421838882538,0.6918771464821316,2.9537177420454346
31121,fulltime,,,,,,,,,,,,,,,,,,,,,,4.47,3.7889999999999997,248.0,1603489281.119,40.54597649363637,-105.03614407454545,2.454322330987988,4.9919923764357845,0.6773303007178242,-2.359008640958276,0.0,-2.897906591197069,0.3240085350379437,2.9159636729700273
31219,fulltime,,,,,,,,,,,,,,,,,,,,,,4.37,3.8344,248.0,1603489281.217,40.545977291836735,-105.03614687142857,2.4120687194459127,5.05128672336785,0.8018867747678021,-2.2748743059303163,0.0,-2.9483403992281745,-0.031507161786906934,2.9485087435795094
31355,fulltime,,,,,,,,,,,,,,,,,,,,,,4.47,3.9321,248.0,1603489281.353,40.54597819338235,-105.03614967941176,2.1774994371017042,5.092461490845087,0.8078257394728035,-2.022108150723758,0.0,-3.308939998064896,-0.2805169638387073,3.3208091902117776
31432,fulltime,1603489281.430117,1603489281.427224,Actisense,Location,16.0,40.545979200000005,-105.0361524,HEMISPHERE,40.5459804,40.5459782,-105.03615500000001,-105.0361497,1603489281.354,1603489281.519,0.16499996185302734,0.5102848326000546,3.0926360640894424,5.212356091858782,2.641625542115701,1.4825994490416887,-2.71409224209641,4.5200000000000005,3.9635,248.0,1603489281.43,40.545979200000005,-105.0361524,3.0926360640894424,5.212356091858782,1.4825994490416887,-2.71409224209641,0.0,-2.8980877888024708,-1.6005486532821636,3.310690082615608
31520,fulltime,,,,,,,,,,,,,,,,,,,,,,4.5200000000000005,3.9792,248.0,1603489281.518,40.54598038651685,-105.03615497078653,3.0926360640894424,5.212356091858782,1.4825994490416887,-2.71409224209641,0.0,-2.9150298182311816,-1.6694598533466236,3.3592402479002668
31619,fulltime,,,,,,,,,,,,,,,,,,,,,,4.37,3.9286,248.0,1603489281.617,40.54598168686869,-105.03615757373736,2.765588944974363,5.276497125139287,1.4786562910945864,-2.337104573049912,0.0,-2.7863197206577235,-1.3848023000413026,3.1114715161681645
31719,fulltime,,,,,,,,,,,,,,,,,,,,,,4.21,3.8867,248.0,1603489281.717,40.545983086,-105.03615987700002,2.569969755490254,5.339787019161369,1.5086758413295334,-2.0805388124049164,0.0,-2.61882787761415,-1.2511938599839918,2.902368951017543
31862,fulltime,,,,,,,,,,,,,,,,,,,,,,4.0600000000000005,3.8379,248.0,1603489281.86,40.545984589510496,-105.03616218391609,2.078310256240518,5.404946924474848,1.3270175210049795,-1.5994993029508722,0.0,-2.6659768320453807,-0.8649272530415809,2.802772131668356
31919,fulltime,,,,,,,,,,,,,,,,,,,,,,3.9,3.8099,248.0,1603489281.917,40.545986171929826,-105.03616436140351,2.5661005726224504,5.4488224058007475,1.7235210015598732,-1.9011437362796426,0.0,-2.1228322695225454,-1.2564992497340919,2.46682127628018
32017,fulltime,,,,,,,,,,,,,,,,,,,,,,3.96,3.7384,248.0,1603489282.015,40.545987865656556,-105.03616635959597,3.2722942106497563,5.514497461867151,2.352201939682089,-2.274874817656508,0.0,-1.5494469741326662,-1.5975744756160366,2.2255404132005174
32118,fulltime,,,,,,,,,,,,,,,,,,,,,,3.9,3.7227,248.0,1603489282.116,40.545989583,-105.03616818200001,2.4925072715103744,5.579107889231073,1.8998117040503626,-1.6134769870330807,0.0,-1.9707382400535174,-1.1351014753297257,2.27426132405776
32216,fulltime,,,,,,,,,,,,,,,,,,,,,,3.96,3.7331,248.0,1603489282.214,40.545991282653056,-105.03616978367346,2.398131911697659,5.633388144632543,1.909408303820255,-1.4509295624546785,0.0,-2.043866149510058,-1.220232582314249,2.380410971251471
32352,fulltime,,,,,,,,,,,,,,,,,,,,,,4.0600000000000005,3.6651,248.0,1603489282.35,40.5459928882353,-105.03617128897059,1.9266707459898254,5.6632371230545075,1.5681338171158814,-1.1193821934757426,0.0,-2.473000116787313,-0.7284390668497615,2.578052181733918
32427,fulltime,,,,,,,,,,,,,,,,,,,,,,4.21,3.6843,248.0,1603489282.425,40.545994478666664,-105.036172484,2.0032140242371583,5.713054978410996,1.6863669409394488,-1.0812182792604623,0.0,-2.522050156243351,-0.9657819931997284,2.7006428584683224
32516,fulltime,,,,,,,,,,,,,,,,,,,,,,4.26,3.6878,248.0,1603489282.514,40.54599598314607,-105.03617348876405,2.388002359209674,5.7886152674772475,2.1018548978142686,-1.1334730945748737,0.0,-2.152466907678384,-1.3533502769056827,2.542571682500069
32614,fulltime,,,,,,,,,,,,,,,,,,,,,,4.26,3.7017,248.0,1603489282.612,40.54599738571428,-105.03617439081631,1.9263036236554052,5.821254969212627,1.724415173954365,-0.858509148666386,0.0,-2.51507082716717,-1.2760716545197437,2.8202730600309094
32714,fulltime,1603489282.712411,1603489282.709379,Actisense,Location,16.0,40.545998700000005,-105.0361751,HEMISPHERE,40.546,40.5459974,-105.0361758,-105.0361744,1603489282.613,1603489282.847,0.23399996757507324,0.31237169289026384,1.334921949465856,5.8948001473791765,1.9591814865953063,1.235499361764833,-0.5055273862457018,4.26,3.6982,248.0,1603489282.712,40.545998700000005,-105.0361751,1.334921949465856,5.8948001473791765,1.235499361764833,-0.5055273862457018,0.0,-2.9643664095103084,-1.2187787467571654,3.205134918124353
32848,fulltime,,,,,,,,,,,,,,,,,,,,,,4.0600000000000005,3.7122,248.0,1603489282.846,40.54599999037037,-105.03617579481481,1.334921949465856,5.8948001473791765,1.235499361764833,-0.5055273862457018,0.0,-2.7572809511645513,-1.2412619665690214,3.02379389398578
32914,fulltime,,,,,,,,,,,,,,,,,,,,,,3.9,3.6214,248.0,1603489282.912,40.54600116417911,-105.03617628507463,1.4648584077087388,5.933435963449775,1.376173876984203,-0.501951805396942,0.0,-2.490888177400241,-1.0077492624288662,2.687021117936779
33012,fulltime,,,,,,,,,,,,,,,,,,,,,,3.85,3.5708,248.0,1603489283.01,40.54600228865979,-105.03617679484537,1.6423464489082074,5.96409106704125,1.5594407187580606,-0.5152150064980082,0.0,-2.2672424299323755,-0.9382942892910182,2.4537286747727016
33125,fulltime,,,,,,,,,,,,,,,,,,,,,,3.96,3.4382,248.0,1603489283.123,40.546003371304344,-105.03617728695653,1.2208034485890955,5.950612611050458,1.1539101943193693,-0.3985628225673641,0.0,-2.803528939106722,-0.2561707398248565,2.815208333383389
33212,fulltime,1603489283.210076,1603489283.208024,Actisense,Location,16.0,40.54600429999999,-105.03617759999999,HEMISPHERE,40.5460052,40.5460034,-105.036178,-105.0361773,1603489283.126,1603489283.35,0.2239999771118164,0.20870721470470543,0.9317287322780523,5.995852355337817,1.8581292786366657,0.8935307564980183,-0.26404775656033475,4.57,3.3928000000000003,248.0,1603489283.21,40.54600429999999,-105.03617759999999,0.9317287322780523,5.995852355337817,0.8935307564980183,-0.26404775656033475,0.0,-3.6734875071463082,-0.09898964697716428,3.6748210045345964
33351,fulltime,,,,,,,,,,,,,,,,,,,,,,4.83,3.3439,248.0,1603489283.349,40.54600519357143,-105.03617799714286,0.9317287322780523,5.995852355337817,0.8935307564980183,-0.26404775656033475,0.0,-3.91902087011447,0.1461312789711019,3.921744373500969
33438,fulltime,,,,,,,,,,,,,,,,,,,,,,5.14,3.2375000000000003,248.0,1603489283.436,40.546005891954024,-105.03617829655172,0.8259291643092851,5.962230542668674,0.7837528012114221,-0.26055811453471023,0.0,-4.226634525991107,0.8864461711627311,4.318590769066819
33517,fulltime,,,,,,,,,,,,,,,,,,,,,,5.09,3.1991,248.0,1603489283.515,40.54600659113924,-105.03617849746836,0.9717088467397694,6.018180952791678,0.9377878128299308,-0.2545036363983574,0.0,-4.043029773230834,0.794093604866283,4.120276010235297
33616,fulltime,,,,,,,,,,,,,,,,,,,,,,5.04,3.1834,248.0,1603489283.614,40.5460071939394,-105.0361786979798,0.8340001762359529,6.05350085871515,0.8120979014532156,-0.1898770455238961,0.0,-4.139212967454074,0.751462786545552,4.20687298471237
33714,fulltime,,,,,,,,,,,,,,,,,,,,,,5.14,3.1607000000000003,248.0,1603489283.712,40.546007694897966,-105.03617889795919,0.644152738666741,6.0135908907337,0.6208852969349131,-0.17156397868406853,0.0,-4.358704574232691,1.1025179319343206,4.495981689873049
33856,fulltime,,,,,,,,,,,,,,,,,,,,,,5.29,3.1293,248.0,1603489283.854,40.5460080971831,-105.03617909859155,0.4401192148417078,5.95748629714058,0.41698095713688466,-0.14082544037953137,0.0,-4.573724163478964,1.613301806731904,4.849917055290304
33913,fulltime,1603489283.9114552,1603489283.908405,Actisense,Location,16.0,40.5460084,-105.0361792,HEMISPHERE,40.5460086,40.5460081,-105.0361793,-105.0361791,1603489283.855,1603489284.01,0.1549999713897705,0.05810900052802676,0.3748968467994296,5.988105224905238,1.8658764090692443,0.3586933762529492,-0.10902617838122736,5.19,3.1101,248.0,1603489283.911,40.5460084,-105.0361792,0.3748968467994296,5.988105224905238,0.3586933762529492,-0.10902617838122736,0.0,-4.557001454515508,1.5559195657066334,4.8153035160211015
34012,fulltime,1603489284.0096529,1603489284.007469,Actisense,Location,16.0,40.5460086,-105.0361793,HEMISPHERE,40.54600870000001,40.5460084,-105.0361794,-105.0361792,1603489283.911,1603489284.123,0.21199989318847656,0.03739473386144558,0.1763903429338058,5.814280046738998,2.039701587235485,0.15735139486414484,-0.07971255619169153,5.14,3.056,248.0,1603489284.01,40.5460086,-105.0361793,0.1763903429338058,5.814280046738998,0.15735139486414484,-0.07971255619169153,0.0,-4.212496211545237,2.6265823088882767,4.964278291720545
34123,fulltime,,,,,,,,,,,,,,,,,,,,,,5.09,3.0141,248.0,1603489284.121,40.5460086982301,-105.03617939823009,0.1763903429338058,5.814280046738998,0.15735139486414484,-0.07971255619169153,0.0,-4.053932112724568,2.7791668079493195,4.915092442771213
34220,fulltime,,,,,,,,,,,,,,,,,,,,,,5.09,2.9984,248.0,1603489284.218,40.54600870000001,-105.0361794,0.06650278555495655,5.633388303129262,0.052949958940917266,-0.040235833963318236,0.0,-3.5187970036137814,3.586156813762695,5.02418680440307
34360,fulltime,,,,,,,,,,,,,,,,,,,,,,5.14,2.9862,248.0,1603489284.358,40.54600870000001,-105.0361794,0.0,0.0,0.0,0.0,0.0,-5.0780673006964445,0.7955076929845012,5.14
34439,fulltime,,,,,,,,,,,,,,,,,,,,,,4.93,3.0036,248.0,1603489284.437,40.54600879873418,-105.0361794,0.05100685922981295,0.0,0.05100685922981295,0.0,0.0,-4.832129114841365,0.6781467825861347,4.879483050614022
34519,fulltime,1603489284.515914,1603489284.511698,Actisense,Location,16.0,40.5460088,-105.0361795,HEMISPHERE,40.5460089,40.5460088,-105.0361795,-105.0361794,1603489284.438,1603489284.615,0.1770000457763672,0.0139655869564929,0.07890160081731215,5.63338822796017,2.220593406014313,0.06282197430000343,-0.047737429304311955,4.78,3.0263,248.0,1603489284.516,40.5460088,-105.0361795,0.07890160081731215,5.63338822796017,0.06282197430000343,-0.047737429304311955,0.0,-3.3850886354369942,3.2628988278618305,4.701630975589938
34617,fulltime,,,,,,,,,,,,,,,,,,,,,,4.73,3.0577,248.0,1603489284.614,40.546008898989896,-105.0361795,0.07890160081731215,5.63338822796017,0.06282197430000343,-0.047737429304311955,0.0,-3.4501904827879764,3.1195395520070286,4.651380589035576
34716,fulltime,1603489284.713357,1603489284.71036,Actisense,Location,16.0,40.546009000000005,-105.03617959999998,HEMISPHERE,40.5460091,40.5460089,-105.03617959999998,-105.0361795,1603489284.615,1603489284.848,0.2330000400543213,0.02379006001928826,0.10210324433309917,5.920088942130968,1.933892691843515,0.09544627303898381,-0.03626405198419366,4.62,3.1048,248.0,1603489284.713,40.546009000000005,-105.03617959999998,0.10210324433309917,5.920088942130968,0.09544627303898381,-0.03626405198419366,0.0,-4.16005516102965,1.7623764192161522,4.517967417525116
34849,fulltime,,,,,,,,,,,,,,,,,,,,,,4.68,3.131,248.0,1603489284.846,40.54600909851852,-105.03617959999998,0.10210324433309917,5.920088942130968,0.09544627303898381,-0.03626405198419366,0.0,-4.261572880479307,1.6721808830004705,4.577902611579776
34913,fulltime,1603489284.9102788,1603489284.908469,Actisense,Location,16.0,40.5460091,-105.03617959999998,HEMISPHERE,40.5460091,40.5460091,-105.03617959999998,-105.03617959999998,1603489284.848,1603489285.01,0.16199994087219238,0.0,0.0,0.0,1.5707963267948966,0.0,0.0,4.78,3.1764,248.0,1603489284.91,40.5460091,-105.03617959999998,0.0,0.0,0.0,0.0,0.0,-4.7771046845760745,-0.16634552173510966,4.78
35012,fulltime,,,,,,,,,,,,,,,,,,,,,,4.83,3.1956,248.0,1603489285.009,40.5460091,-105.03617959999998,0.0,0.0,0.0,0.0,0.0,-4.822957655783924,-0.2607286913924948,4.83
35124,fulltime,,,,,,,,,,,,,,,,,,,,,,4.68,3.1869,248.0,1603489285.121,40.54600900176992,-105.03617959999998,0.05220423175609793,3.141592653589793,-0.05220423175609793,6.393174532205194e-18,0.0,4.622993141685155,0.21196584481470201,4.627849944351696
35223,fulltime,,,,,,,,,,,,,,,,,,,,,,4.47,3.1624000000000003,248.0,1603489285.22,40.54600890102041,-105.03617950102041,0.11274911796313758,2.778496287549729,-0.10539805237581341,0.040045151477436126,0.0,4.105292052867471,-1.460284424851143,4.357275919746148
35346,fulltime,,,,,,,,,,,,,,,,,,,,,,4.47,3.1328,248.0,1603489285.343,40.54600880081301,-105.036179400813,0.12638529014628438,2.491795642597966,-0.10062880573855676,0.07646623451558403,0.0,3.434498166690767,-2.659183101346504,4.343619737441234
35433,fulltime,,,,,,,,,,,,,,,,,,,,,,4.47,3.1171,248.0,1603489285.43,40.54600860229885,-105.03617930114943,0.178070124661043,2.6726873754515,-0.15884986548471916,0.08047166912824674,0.0,3.77800703629572,-2.03661541809885,4.291985499455691
35523,fulltime,1603489285.5203528,1603489285.516428,Actisense,Location,16.0,40.5460083,-105.0361792,HEMISPHERE,40.5460081,40.5460086,-105.0361791,-105.0361793,1603489285.431,1603489285.619,0.18799996376037598,0.05810900052802676,0.3090904879220736,2.846512569238223,5.007469064736259,-0.2957312432925175,0.08988860586619057,4.42,3.1136000000000004,248.0,1603489285.52,40.5460083,-105.0361792,0.3090904879220736,2.846512569238223,-0.2957312432925175,0.08988860586619057,0.0,3.8955972181583944,-1.3133810504121504,4.111039706656352
35621,fulltime,,,,,,,,,,,,,,,,,,,,,,4.42,3.1066000000000003,248.0,1603489285.618,40.5460081020202,-105.0361791010101,0.3090904879220736,2.846512569238223,-0.2957312432925175,0.08988860586619057,0.0,3.885671723656499,-1.3426857300724235,4.111112953175063
35718,fulltime,,,,,,,,,,,,,,,,,,,,,,4.32,3.1205000000000003,248.0,1603489285.715,40.546007803092785,-105.03617890206186,0.3117520067944785,2.7138178616659236,-0.28366038349470873,0.1293294265664986,0.0,3.6083967312078657,-1.7453149172739735,4.008322732796184
35866,fulltime,,,,,,,,,,,,,,,,,,,,,,4.21,3.1188,248.0,1603489285.863,40.546007506,-105.03617870400001,0.30279138734797423,2.6726873731044614,-0.27010915606716374,0.13683445494755903,0.0,3.4411426495170714,-1.8508048572888842,3.907293353984251
35914,fulltime,1603489285.910765,1603489285.908773,Actisense,Location,16.0,40.546007200000005,-105.0361785,HEMISPHERE,40.546006799999994,40.5460075,-105.0361783,-105.03617870000001,1603489285.866,1603489286.022,0.15600013732910156,0.08485767520721703,0.5439589776014061,2.73193894282249,5.122042691151993,-0.49895116010099166,0.2166543540920458,4.16,3.1223,248.0,1603489285.911,40.546007200000005,-105.0361785,0.5439589776014061,2.73193894282249,-0.49895116010099166,0.2166543540920458,0.0,3.28417145584203,-1.5135431123089522,3.61615747779123
36024,fulltime,,,,,,,,,,,,,,,,,,,,,,4.11,3.1293,248.0,1603489286.021,40.546006803603596,-105.03617830180181,0.5439589776014061,2.73193894282249,-0.49895116010099166,0.2166543540920458,0.0,3.2505753750288937,-1.4665422364335174,3.566088389256169
36126,fulltime,,,,,,,,,,,,,,,,,,,,,,4.0600000000000005,3.1275,248.0,1603489286.123,40.546006403921574,-105.03617810196079,0.44676157688111573,2.778496218397291,-0.4176334120665198,0.15867652536836555,0.0,3.35696316301521,-1.3366564460401016,3.613288271447718
36225,fulltime,,,,,,,,,,,,,,,,,,,,,,4.11,3.1188,248.0,1603489286.222,40.54600590505051,-105.03617780303031,0.5404358763024282,2.7421317426952854,-0.4978877874299436,0.2101872677468565,0.0,3.2511214925763503,-1.4741610983658948,3.569725746248193
36361,fulltime,,,,,,,,,,,,,,,,,,,,,,4.11,3.0979,248.0,1603489286.358,40.54600540367647,-105.03617750220587,0.5200293827629942,2.713817829731431,-0.47317011207743903,0.2157327141939405,0.0,3.1884401001338345,-1.6510052571962908,3.590538766178587
36437,fulltime,,,,,,,,,,,,,,,,,,,,,,4.16,3.0752,248.0,1603489286.434,40.54600480789473,-105.03617720394737,0.6245510557753293,2.748664197300254,-0.5769551005081388,0.23913768684112086,0.0,3.151876220749677,-1.6051553965940175,3.537067649641743
36515,fulltime,1603489286.5122,1603489286.509209,Actisense,Location,16.0,40.5460042,-105.03617690000002,HEMISPHERE,40.5460035,40.5460048,-105.0361765,-105.03617720000001,1603489286.435,1603489286.622,0.18700003623962402,0.1561858450772212,0.8352182610119008,2.753207504877664,5.100774129096819,-0.7730127094765311,0.316292419313988,4.32,3.0298000000000003,248.0,1603489286.512,40.5460042,-105.03617690000002,0.8352182610119008,2.753207504877664,-0.7730127094765311,0.316292419313988,0.0,3.0177756483596005,-1.7554999510972096,3.491239026783258
36624,fulltime,,,,,,,,,,,,,,,,,,,,,,4.47,3.0193000000000003,248.0,1603489286.621,40.54600350636363,-105.03617650363636,0.8352182610119008,2.753207504877664,-0.7730127094765311,0.316292419313988,0.0,3.1266752758361274,-1.8685035934085028,3.6424447777702014
36725,fulltime,,,,,,,,,,,,,,,,,,,,,,4.57,2.9984,248.0,1603489286.722,40.54600270792079,-105.03617620297031,0.8387158507162789,2.8008144804942146,-0.7904853862076929,0.2803161294588771,0.0,3.2546697177378876,-1.846094034414271,3.7417827509704487
36858,fulltime,,,,,,,,,,,,,,,,,,,,,,4.73,2.9862,248.0,1603489286.855,40.5460019119403,-105.03617590447762,0.7872087583459442,2.8639936285873477,-0.7570714082741711,0.21573250100605265,0.0,3.5364183678045493,-1.7689199982258677,3.9541538705858166
36927,fulltime,,,,,,,,,,,,,,,,,,,,,,4.73,2.9827000000000004,248.0,1603489286.924,40.5460011117647,-105.03617560441177,0.9158131369078266,2.863993621422643,-0.8807523195195041,0.2509762008517283,0.0,3.405764875068832,-1.748691356643405,3.828466513507983
37024,fulltime,,,,,,,,,,,,,,,,,,,,,,4.93,2.967,248.0,1603489287.021,40.546000209278354,-105.03617530309278,1.1861316980182661,2.8795644399049127,-1.1456449624475258,0.3072556347120468,0.0,3.321851036485195,-1.7775415975194544,3.7675387774394276
37123,fulltime,,,,,,,,,,,,,,,,,,,,,,5.09,2.96,248.0,1603489287.12,40.54599940808081,-105.03617500303031,0.9985285002365403,2.8795644369163913,-0.9644453032919198,0.2586588926420109,0.0,3.6328603289212364,-1.9260335168337925,4.111846212763417
37224,fulltime,,,,,,,,,,,,,,,,,,,,,,5.14,2.9635,248.0,1603489287.221,40.545998526213594,-105.03617480582523,0.9588862295087548,2.921710775312228,-0.9357993368896773,0.20914684367294792,0.0,3.802498656163836,-1.7828702569125476,4.199716940831988
37353,fulltime,,,,,,,,,,,,,,,,,,,,,,5.34,2.9513000000000003,248.0,1603489287.35,40.54599760708661,-105.03617450236221,0.8893959001316999,2.9335672793059935,-0.8702210919534709,0.18368537854272873,0.0,4.051735307987767,-1.8875329095856581,4.469825442985847
37429,fulltime,,,,,,,,,,,,,,,,,,,,,,5.29,2.967,248.0,1603489287.426,40.54599681052631,-105.03617430263158,0.9541618721644395,2.921710779945133,-0.9311887278211095,0.20811638924229808,0.0,3.9525320944282982,-1.824952948071994,4.353500111423268
37518,fulltime,,,,,,,,,,,,,,,,,,,,,,5.24,2.9757,248.0,1603489287.515,40.54599591011235,-105.03617410224719,1.1638129716333268,2.9646658588215358,-1.1456449672849485,0.2048371105944045,0.0,3.78944294365922,-1.556556460204788,4.096674973323355
37627,fulltime,,,,,,,,,,,,,,,,,,,,,,5.04,2.9617,248.0,1603489287.624,40.545995016363634,-105.03617400181818,1.0138179320921366,3.0156159419516744,-1.0057838535459012,0.12737990178176947,0.0,3.8002872060576687,-1.390276505327896,4.046609890981876
37717,fulltime,,,,,,,,,,,,,,,,,,,,,,4.88,2.9478,248.0,1603489287.714,40.54599412,-105.03617380444443,1.0087479995282849,3.015615929264189,-1.000754096446385,0.12674290906435814,0.0,3.631868645065862,-1.4072735624324608,3.8949825076030686
37862,fulltime,,,,,,,,,,,,,,,,,,,,,,4.78,2.9425000000000003,248.0,1603489287.859,40.54599311379311,-105.03617360275862,0.9104536060266623,2.982961121383761,-0.8990222972047612,0.14382168770956158,0.0,3.5783851087453056,-1.529863743051994,3.8916992508151513
37920,fulltime,,,,,,,,,,,,,,,,,,,,,,4.68,2.9268,248.0,1603489287.917,40.54599211754387,-105.03617350175439,1.1080690494557326,3.0280998108351924,-1.1009403950325596,0.12548810679615124,0.0,3.3291313455091966,-1.3834401133831045,3.6051382862477457
38018,fulltime,,,,,,,,,,,,,,,,,,,,,,4.57,2.9268,248.0,1603489288.015,40.545991110204085,-105.0361735,1.4358087311114298,3.103616700435877,-1.434773513228538,0.05451310001873414,0.0,2.990009000838372,-1.0883778410634495,3.1819365408525067
38128,fulltime,1603489288.125484,1603489288.122483,Actisense,Location,16.0,40.545990100000004,-105.0361735,HEMISPHERE,40.5459891,40.5459911,-105.0361735,-105.0361735,1603489288.016,1603489288.221,0.2049999237060547,0.22238985351772453,1.0848289574810033,3.141592653589793,4.71238898038469,-1.0848289574810033,1.328532310401471e-16,4.57,2.9233,248.0,1603489288.125,40.545990100000004,-105.0361735,1.0848289574810033,3.141592653589793,-1.0848289574810033,1.328532310401471e-16,0.0,3.3767186374155203,-0.9896934164038137,3.5187670873108923
38224,fulltime,1603489288.221316,1603489288.220164,Actisense,Location,16.0,40.5459891,-105.0361735,HEMISPHERE,40.5459881,40.545990100000004,-105.0361735,-105.0361735,1603489288.125,1603489288.35,0.22499990463256836,0.22238985351772453,0.988399767906097,3.141592653589793,4.71238898038469,-0.988399767906097,1.2104406120441885e-16,4.47,2.9076,248.0,1603489288.221,40.5459891,-105.0361735,0.988399767906097,3.141592653589793,-0.988399767906097,1.2104406120441885e-16,0.0,3.359785586399779,-1.036428542929941,3.516012416243661
38353,fulltime,1603489288.349518,1603489288.343488,Actisense,Location,16.0,40.5459881,-105.0361735,HEMISPHERE,40.545987,40.5459891,-105.0361735,-105.0361735,1603489288.221,1603489288.436,0.21500015258789062,0.2335093463121239,1.0860892120374976,3.141592653589793,4.71238898038469,-1.0860892120374976,1.3300756771101924e-16,4.42,2.8971,248.0,1603489288.35,40.5459881,-105.0361735,1.0860892120374976,3.141592653589793,-1.0860892120374976,1.3300756771101924e-16,0.0,3.202461138007408,-1.0699233127330743,3.3764616443219695
38438,fulltime,,,,,,,,,,,,,,,,,,,,,,4.32,2.8919,248.0,1603489288.435,40.5459870127907,-105.0361735,1.0860892120374976,3.141592653589793,-1.0860892120374976,1.3300756771101924e-16,0.0,3.099940739317819,-1.0674985931401544,3.2785951005939293
38516,fulltime,,,,,,,,,,,,,,,,,,,,,,4.21,2.8797,248.0,1603489288.513,40.54598591410256,-105.0361735,1.4916389505802683,3.141592653589793,-1.4916389505802683,1.8267308663116426e-16,0.0,2.574807135376704,-1.0900074449310984,2.796023607624229
38614,fulltime,1603489288.6108289,1603489288.60887,Actisense,Location,16.0,40.5459849,-105.0361735,HEMISPHERE,40.54598370000001,40.5459859,-105.03617340000002,-105.0361735,1603489288.514,1603489288.709,0.19500017166137695,0.24477471821409216,1.25525386018198,3.107066184648542,4.746915449325941,-1.2545057548389484,0.04333087326286213,4.26,2.8553,248.0,1603489288.611,40.5459849,-105.0361735,1.25525386018198,3.107066184648542,-1.2545057548389484,0.04333087326286213,0.0,2.788138101662576,-1.3000345459327034,3.0763296140955125
38712,fulltime,1603489288.7085679,1603489288.7075698,Actisense,Location,16.0,40.54598370000001,-105.03617340000002,HEMISPHERE,40.5459826,40.5459849,-105.0361733,-105.0361735,1603489288.611,1603489288.856,0.24499988555908203,0.2563060418832606,1.0461475983891924,3.075611657340585,4.778369976633898,-1.0438712268859267,0.06897578774573786,4.26,2.8378,248.0,1603489288.709,40.54598370000001,-105.03617340000002,1.0461475983891924,3.075611657340585,-1.0438712268859267,0.06897578774573786,0.0,2.92819185193851,-1.470606914755083,3.2767349937833767
38857,fulltime,,,,,,,,,,,,,,,,,,,,,,4.16,2.8064,248.0,1603489288.854,40.545982614965986,-105.03617330136055,1.0461475983891924,3.075611657340585,-1.0438712268859267,0.06897578774573786,0.0,2.785838580044161,-1.5555003723451106,3.190686133487317
38925,fulltime,,,,,,,,,,,,,,,,,,,,,,3.96,2.7471,248.0,1603489288.922,40.54598151641791,-105.03617320149255,1.1458497981350837,3.072621808226616,-1.1431254874891912,0.078967586634082,0.0,2.399132181444256,-1.691346116324289,2.935385308481108
39024,fulltime,,,,,,,,,,,,,,,,,,,,,,3.85,2.7034,248.0,1603489289.021,40.54598041111111,-105.03617320000001,1.4745453699609377,3.10706617442001,-1.4736665708922094,0.05090074565303875,0.0,1.9541175419119634,-1.702038521979274,2.591430203171493
39124,fulltime,1603489289.121495,1603489289.117511,Actisense,Location,16.0,40.545979200000005,-105.03617320000001,HEMISPHERE,40.5459781,40.5459804,-105.03617309999998,-105.03617320000001,1603489289.022,1603489289.222,0.19999980926513672,0.2558878728388277,1.279440584363763,3.1085661998195713,4.7454154341549115,-1.278742875021137,0.04224770407684242,3.75,2.658,248.0,1603489289.121,40.545979200000005,-105.03617320000001,1.279440584363763,3.1085661998195713,-1.278742875021137,0.04224770407684242,0.0,1.981860056632577,-1.8100396715998384,2.684029228015398
39223,fulltime,,,,,,,,,,,,,,,,,,,,,,3.75,2.6179,248.0,1603489289.22,40.54597812178218,-105.03617310198018,1.279440584363763,3.1085661998195713,-1.278742875021137,0.04224770407684242,0.0,1.9049820477630857,-1.9392657619492137,2.7184017910838905
39349,fulltime,,,,,,,,,,,,,,,,,,,,,,3.7,2.6022000000000003,248.0,1603489289.346,40.5459769096,-105.03617309999998,1.1322480693697445,3.1085661994108182,-1.1316306275866896,0.03738734143087317,0.0,1.9785637866114216,-1.9667809912924217,2.7897924878742018
39435,fulltime,,,,,,,,,,,,,,,,,,,,,,3.44,2.6144000000000003,248.0,1603489289.432,40.545975713953496,-105.03617309999998,1.264775189534851,3.141592653589793,-1.264775189534851,1.5489028875048422e-16,0.0,1.708151503521917,-1.7306954895967546,2.431684279814042
39524,fulltime,1603489289.521471,1603489289.517578,Actisense,Location,16.0,40.5459745,-105.036173,HEMISPHERE,40.54597329999999,40.54597570000001,-105.03617290000001,-105.03617309999998,1603489289.433,1603489289.608,0.17499995231628418,0.2674023457580603,1.5280138206824978,3.0783533829929115,4.775628250981571,-1.5249594182980064,0.0965660848379522,3.34,2.6685000000000003,248.0,1603489289.521,40.5459745,-105.036173,1.5280138206824978,3.0783533829929115,-1.5249594182980064,0.0965660848379522,0.0,1.3460671630010375,-1.61012848932414,2.0986687588666535
39611,fulltime,1603489289.608103,1603489289.60615,Actisense,Location,16.0,40.54597329999999,-105.03617290000001,HEMISPHERE,40.545972,40.5459745,-105.03617290000001,-105.036173,1603489289.521,1603489289.718,0.19700002670288086,0.27811570041634437,1.41175463308847,3.1112066245773113,4.742775009397171,-1.4111029391127865,0.042891016239021584,3.39,2.7069,248.0,1603489289.608,40.54597329999999,-105.03617290000001,1.41175463308847,3.1112066245773113,-1.4111029391127865,0.042891016239021584,0.0,1.6188325492973994,-1.4775006885767226,2.1917178439318796
39721,fulltime,1603489289.718416,1603489289.7154179,Actisense,Location,16.0,40.545972,-105.03617290000001,HEMISPHERE,40.5459708,40.54597329999999,-105.0361728,-105.03617290000001,1603489289.608,1603489289.863,0.25499987602233887,0.2781156996677015,1.0906503328783486,3.1112066200539226,4.742775013920561,-1.0901468668747987,0.033135437988843025,3.49,2.7837,248.0,1603489289.718,40.545972,-105.03617290000001,1.0906503328783486,3.1112066200539226,-1.0901468668747987,0.033135437988843025,0.0,2.140064905866255,-1.2881638858757765,2.497847873309126
39865,fulltime,,,,,,,,,,,,,,,,,,,,,,3.65,2.9076,248.0,1603489289.862,40.54597080827586,-105.03617280068966,1.0906503328783486,3.1112066200539226,-1.0901468668747987,0.033135437988843025,0.0,2.4330340371329267,-0.9206445773371773,2.6013921395336954
39921,fulltime,,,,,,,,,,,,,,,,,,,,,,3.75,2.9687,248.0,1603489289.918,40.54596952321428,-105.0361728,1.383660371995036,3.1112066194644927,-1.3830216466732874,0.042037481639009194,0.0,2.289765615435172,-0.7150184788380509,2.3988076201957282
40018,fulltime,,,,,,,,,,,,,,,,,,,,,,3.96,3.028,248.0,1603489290.015,40.54596831237113,-105.03617270103092,1.8177482939551846,3.111206618920403,-1.8169091849303185,0.05522566335345541,0.0,2.102116542989639,-0.5129621083395333,2.1637985314956776
40117,fulltime,,,,,,,,,,,,,,,,,,,,,,3.96,3.0909,248.0,1603489290.114,40.54596701313131,-105.03617260101011,1.4209201820955484,3.0808765952947663,-1.4183019182734546,0.08621967587670981,0.0,2.517147926188833,-0.35404674542038755,2.541925014680707
40217,fulltime,,,,,,,,,,,,,,,,,,,,,,4.0600000000000005,3.1031,248.0,1603489290.214,40.54596562772277,-105.0361725019802,1.5035072941099463,3.0853642357138744,-1.5011311496262292,0.08449529610367609,0.0,2.5406691387208555,-0.29949745007446626,2.5582608145084977
40355,fulltime,,,,,,,,,,,,,,,,,,,,,,4.11,3.1188,248.0,1603489290.352,40.54596430948905,-105.0361725,1.26195497966078,3.1134562065044578,-1.2614554931923743,0.03550224479414821,0.0,2.843215454697368,-0.17372588321432036,2.848518001405039
40428,fulltime,,,,,,,,,,,,,,,,,,,,,,4.11,3.1066000000000003,248.0,1603489290.425,40.54596301780822,-105.03617240136988,1.3772866905655194,3.1123746356318462,-1.3766988426778364,0.04023586184521336,0.0,2.724831281787595,-0.22348868783226705,2.733981109626988
40519,fulltime,1603489290.516499,1603489290.513275,Actisense,Location,16.0,40.5459617,-105.0361723,HEMISPHERE,40.5459604,40.545963,-105.03617209999999,-105.03617240000001,1603489290.426,1603489290.626,0.19999980926513672,0.29021595209423123,1.4510811443299745,3.054137287464431,4.799844346510052,-1.445535426051241,0.12674312391938902,4.0600000000000005,3.0944000000000003,248.0,1603489290.516,40.5459617,-105.0361723,1.4510811443299745,3.054137287464431,-1.445535426051241,0.12674312391938902,0.0,2.57771606435878,-0.4182774673554226,2.6114318195485375
40628,fulltime,,,,,,,,,,,,,,,,,,,,,,4.16,3.0821,248.0,1603489290.625,40.54596041181818,-105.03617210181817,1.4510811443299745,3.054137287464431,-1.445535426051241,0.12674312391938902,0.0,2.6696304005449236,-0.48236295847932154,2.7128583632815357
40728,fulltime,,,,,,,,,,,,,,,,,,,,,,4.37,3.063,248.0,1603489290.725,40.545959113,-105.036172001,1.3819804691756592,3.054137289252561,-1.3766988389473949,0.12070759720858516,0.0,2.9331947576489057,-0.6015923308117659,2.994251963143809
40860,fulltime,,,,,,,,,,,,,,,,,,,,,,4.57,3.049,248.0,1603489290.857,40.54595781954887,-105.03617180300752,1.2455618110532727,3.05413729504988,-1.2408015440397056,0.1087922490942763,0.0,3.2553248449684933,-0.709588771008275,3.33176470811043
40918,fulltime,1603489290.914513,1603489290.9115698,Actisense,Location,16.0,40.5459564,-105.0361716,HEMISPHERE,40.5459551,40.5459578,-105.03617140000001,-105.0361718,1603489290.859,1603489291.025,0.1660001277923584,0.3021227332078642,1.8200150639990775,3.029489109136817,4.824492524837666,-1.8085907848778717,0.2036030599927459,4.73,3.035,248.0,1603489290.915,40.5459564,-105.0361716,1.8200150639990775,3.029489109136817,-1.8085907848778717,0.2036030599927459,0.0,2.808746045143187,-0.8226038383133799,2.926727083435591
41027,fulltime,,,,,,,,,,,,,,,,,,,,,,4.68,3.028,248.0,1603489291.024,40.54595511181818,-105.0361714018182,1.8200150639990775,3.029489109136817,-1.8085907848778717,0.2036030599927459,0.0,2.7527176039977403,-0.8437105423122002,2.8791147400838
41128,fulltime,,,,,,,,,,,,,,,,,,,,,,4.73,3.028,248.0,1603489291.125,40.54595381287128,-105.03617120198021,1.3795058992741738,3.0252155487692507,-1.370174678855535,0.16018075900487658,0.0,3.235299977938784,-0.9180136509348393,3.3630217083083793
41218,fulltime,,,,,,,,,,,,,,,,,,,,,,4.73,3.0315000000000003,248.0,1603489291.215,40.545952430769226,-105.0361710043956,1.5735566274731108,3.029489094179152,-1.5636793713596768,0.17603205233353544,0.0,3.050037445099906,-0.8663292753825584,3.170686807285833
41357,fulltime,1603489291.353678,1603489291.347701,Actisense,Location,16.0,40.5459511,-105.0361708,HEMISPHERE,40.5459498,40.5459524,-105.0361706,-105.036171,1603489291.217,1603489291.432,0.21499991416931152,0.2910756960501681,1.353840987215219,3.025215545126313,4.82876608884817,-1.3446833682009443,0.1572006932161651,4.73,3.0298000000000003,248.0,1603489291.354,40.5459511,-105.0361708,1.353840987215219,3.025215545126313,-1.3446833682009443,0.1572006932161651,0.0,3.262724572718743,-0.9127021369278674,3.3879782803576823
41435,fulltime,1603489291.431622,1603489291.42854,Actisense,Location,16.0,40.5459498,-105.0361706,HEMISPHERE,40.5459485,40.5459511,-105.03617050000001,-105.0361708,1603489291.354,1603489291.522,0.1679999828338623,0.290215952172979,1.7274760823039959,3.0541372828615705,4.799844351112912,-1.720874041659392,0.15088455081694505,4.68,3.0438,248.0,1603489291.432,40.5459498,-105.0361706,1.7274760823039959,3.0541372828615705,-1.720874041659392,0.15088455081694505,0.0,2.8790539531616615,-0.7111261466001801,2.9655778630132463
41524,fulltime,,,,,,,,,,,,,,,,,,,,,,4.57,3.0664,248.0,1603489291.521,40.54594851444445,-105.03617050111112,1.7274760823039959,3.0541372828615705,-1.720874041659392,0.15088455081694505,0.0,2.7888108431071554,-0.5891439892462969,2.8503607769363306
41623,fulltime,,,,,,,,,,,,,,,,,,,,,,4.5200000000000005,3.0891,248.0,1603489291.62,40.54594711414141,-105.03617040101011,1.5910123030667769,3.085364213275094,-1.5884978635700198,0.08941300768530543,0.0,2.9048146154491707,-0.4010387900384125,2.9323676545144517
41722,fulltime,,,,,,,,,,,,,,,,,,,,,,4.47,3.0944000000000003,248.0,1603489291.719,40.54594581313131,-105.0361703010101,1.5186949557560756,3.085364208484589,-1.516294806352186,0.08534886565347731,0.0,2.9298211042012303,-0.37611977891921944,2.9538648903965057
41853,fulltime,,,,,,,,,,,,,,,,,,,,,,4.37,3.1066000000000003,248.0,1603489291.85,40.545944509923665,-105.03617020076337,1.259131575405129,3.083206399355106,-1.2569860237757924,0.07347421462340017,0.0,3.09397544568911,-0.33399884121197787,3.111951041462264
41921,fulltime,,,,,,,,,,,,,,,,,,,,,,4.21,3.1171,248.0,1603489291.918,40.54594321911765,-105.03617010147059,1.455278681479478,3.083206405635562,-1.4527988970505614,0.08491999468511464,0.0,2.742750317120176,-0.2636008676334985,2.7553883064787725
42018,fulltime,1603489292.014735,1603489292.012742,Actisense,Location,16.0,40.545942,-105.0361701,HEMISPHERE,40.5459408,40.5459432,-105.03617,-105.0361701,1603489291.919,1603489292.114,0.19500017166137695,0.2670015552702631,1.3692375396157008,3.1099413498270114,4.744040284147472,-1.3685517423443518,0.04333091758890287,4.16,3.1223,248.0,1603489292.015,40.545942,-105.0361701,1.3692375396157008,3.1099413498270114,-1.3685517423443518,0.04333091758890287,0.0,2.7860512285189243,-0.16850428839453038,2.791142264940853
42116,fulltime,,,,,,,,,,,,,,,,,,,,,,4.0600000000000005,3.1223,248.0,1603489292.113,40.54594081212121,-105.0361700010101,1.3692375396157008,3.1099413498270114,-1.3685517423443518,0.04333091758890287,0.0,2.68618096479625,-0.16341209594300554,2.6911469095413945
42216,fulltime,,,,,,,,,,,,,,,,,,,,,,3.9,3.1048,248.0,1603489292.213,40.545939612000005,-105.03616990100001,1.3437311707810458,3.078353338720294,-1.3410451339262992,0.0849200100164526,0.0,2.5394586617450807,-0.3045543688328005,2.5576558912971974
42353,fulltime,,,,,,,,,,,,,,,,,,,,,,3.8,3.1013,248.0,1603489292.35,40.54593840875912,-105.03616980072991,1.1282799910436223,3.0783533337454196,-1.1260246276339045,0.07130411033960801,0.0,2.6536277053494834,-0.3214149263434033,2.67302217601626
42438,fulltime,1603489292.435496,1603489292.4325368,Actisense,Location,16.0,40.545937200000004,-105.03616969999999,HEMISPHERE,40.545936100000006,40.5459384,-105.0361696,-105.03616979999998,1603489292.351,1603489292.514,0.16299986839294434,0.25630604178929567,1.5724309738178304,3.0756116157581106,4.778370018216372,-1.5690094283540876,0.1036753642755567,3.75,3.0961000000000003,248.0,1603489292.435,40.545937200000004,-105.03616969999999,1.5724309738178304,3.0756116157581106,-1.5690094283540876,0.1036753642755567,0.0,2.1577152192272036,-0.3134857570074583,2.1803688419923906
42517,fulltime,1603489292.513594,1603489292.510339,Actisense,Location,16.0,40.545936100000006,-105.0361696,HEMISPHERE,40.545935,40.545937200000004,-105.0361695,-105.03616969999999,1603489292.435,1603489292.613,0.17799997329711914,0.24521184214523192,1.3775948254549575,3.072621769538265,4.781359864436218,-1.374319526664882,0.09493862095000861,3.7,3.063,248.0,1603489292.514,40.545936100000006,-105.0361696,1.3775948254549575,3.072621769538265,-1.374319526664882,0.09493862095000861,0.0,2.2854697728678928,-0.44906715385886514,2.329170107864112
42616,fulltime,1603489292.613458,1603489292.610407,Actisense,Location,16.0,40.545935,-105.0361695,HEMISPHERE,40.545933899999994,40.545936100000006,-105.0361694,-105.0361696,1603489292.514,1603489292.713,0.19900012016296387,0.24521184295256843,1.232219572288505,3.0726217683096917,4.7813598656647915,-1.2292899101386665,0.08491991028101388,3.7,3.035,248.0,1603489292.613,40.545935,-105.0361695,1.232219572288505,3.0726217683096917,-1.2292899101386665,0.08491991028101388,0.0,2.413834673485043,-0.5613333436346434,2.4782439253622095
42715,fulltime,,,,,,,,,,,,,,,,,,,,,,3.54,3.0106,248.0,1603489292.712,40.54593391099999,-105.03616940100001,1.232219572288505,3.0726217683096917,-1.2292899101386665,0.08491991028101388,0.0,2.240171415840611,-0.6182430207201262,2.3239174694938014
42849,fulltime,1603489292.846059,1603489292.84202,Actisense,Location,16.0,40.5459328,-105.0361693,HEMISPHERE,40.545931700000004,40.545933899999994,-105.0361692,-105.0361694,1603489292.713,1603489292.913,0.20000004768371582,0.2452118407089476,1.2260589112295146,3.072621765554363,4.78135986842012,-1.2231438961190937,0.08449534420254465,3.49,2.967,248.0,1603489292.846,40.5459328,-105.0361693,1.2260589112295146,3.072621765554363,-1.2231438961190937,0.08449534420254465,0.0,2.1638478674916195,-0.7571618266414942,2.292494629300386
42915,fulltime,,,,,,,,,,,,,,,,,,,,,,3.49,2.9547000000000003,248.0,1603489292.912,40.54593171641791,-105.03616920149254,1.2260589112295146,3.072621765554363,-1.2231438961190937,0.08449534420254465,0.0,2.1532395395617865,-0.7987571085309755,2.29661782479389
43023,fulltime,,,,,,,,,,,,,,,,,,,,,,3.6,2.9389999999999996,248.0,1603489293.02,40.54593061018519,-105.0361691009259,1.4012109052227315,3.0726217557777553,-1.3978794567240422,0.09656617101243653,0.0,2.070190155860359,-0.8690906843293984,2.245218452402634
43125,fulltime,1603489293.122335,1603489293.119327,Actisense,Location,16.0,40.5459295,-105.0361689,HEMISPHERE,40.5459285,40.545930600000005,-105.03616880000001,-105.03616909999998,1603489293.021,1603489293.219,0.19800019264221191,0.2348811757945666,1.1862674104514583,3.0334610685334282,4.820520565441054,-1.17933898517498,0.12802315081912738,3.75,2.9303000000000003,248.0,1603489293.122,40.5459295,-105.0361689,1.1862674104514583,3.0334610685334282,-1.17933898517498,0.12802315081912738,0.0,2.380972424843554,-1.049551757070744,2.602035468366194
43222,fulltime,1603489293.219285,1603489293.2182882,Actisense,Location,16.0,40.5459285,-105.03616880000001,HEMISPHERE,40.5459274,40.5459295,-105.0361687,-105.0361689,1603489293.122,1603489293.359,0.2369999885559082,0.234120040847829,0.987848321320067,3.069348586356462,4.784633047618021,-0.9852715507645032,0.07130411761592108,3.85,2.9408000000000003,248.0,1603489293.219,40.5459285,-105.03616880000001,0.987848321320067,3.069348586356462,-0.9852715507645032,0.07130411761592108,0.0,2.7221108391622506,-0.9668749685060211,2.8887254326792866
43361,fulltime,,,,,,,,,,,,,,,,,,,,,,3.96,2.9443,248.0,1603489293.358,40.54592740785714,-105.03616870071428,0.987848321320067,3.069348586356462,-0.9852715507645032,0.07130411761592108,0.0,2.831750130897228,-0.9831841382334476,2.9975756626831487
43435,fulltime,,,,,,,,,,,,,,,,,,,,,,4.11,2.9478,248.0,1603489293.432,40.545926314864865,-105.03616860135135,1.1458498026203783,3.072621751661893,-1.14312548749704,0.07896765160376819,0.0,2.8258021836170064,-0.9886058313308853,2.9937433875795154
43523,fulltime,,,,,,,,,,,,,,,,,,,,,,4.16,2.9530000000000003,248.0,1603489293.52,40.54592531136363,-105.0361686,1.442359598118364,3.1054234228528257,-1.4414162439971758,0.052157663149743856,0.0,2.6139481269520526,-0.8749991837944894,2.7565101817401594
43621,fulltime,1603489293.618095,1603489293.615514,Actisense,Location,16.0,40.5459242,-105.0361685,HEMISPHERE,40.545923200000004,40.54592529999999,-105.0361685,-105.0361686,1603489293.521,1603489293.718,0.19700002670288086,0.23366216799863215,1.1861022148542437,3.105423430805314,4.748558203169169,-1.18532646245379,0.042891042059227835,4.16,2.9233,248.0,1603489293.618,40.5459242,-105.0361685,1.1861022148542437,3.105423430805314,-1.18532646245379,0.042891042059227835,0.0,2.8407169398699494,-1.0042835005101989,3.0130147828812768
43720,fulltime,,,,,,,,,,,,,,,,,,,,,,3.96,2.8569999999999998,248.0,1603489293.717,40.545923210000005,-105.0361685,1.1861022148542437,3.105423430805314,-1.18532646245379,0.042891042059227835,0.0,2.5726956453968253,-1.205656048324639,2.8411915441774727
43864,fulltime,,,,,,,,,,,,,,,,,,,,,,3.85,2.782,248.0,1603489293.861,40.545922213793105,-105.03616840137931,0.9083690470533067,3.103616661406459,-0.9077141117586123,0.034487924826030816,0.0,2.6420054638959365,-1.4561464817991778,3.016712688956657
43922,fulltime,,,,,,,,,,,,,,,,,,,,,,3.8,2.7313,248.0,1603489293.919,40.54592131578948,-105.03616840000001,1.0467282706958971,3.101619999556306,-1.0458921439798952,0.04182936570355419,0.0,2.375368205788074,-1.6119474085636234,2.8706704027184724
44018,fulltime,,,,,,,,,,,,,,,,,,,,,,3.6,2.6476,248.0,1603489294.015,40.545920418556705,-105.03616840000001,1.2996805903455448,3.141592653589793,-1.2996805903455448,1.5916496748806138e-16,0.0,1.8699278346149295,-1.706921917493469,2.5318397538326276
44117,fulltime,,,,,,,,,,,,,,,,,,,,,,3.34,2.5516,248.0,1603489294.114,40.545919509183676,-105.03616830102041,1.027329278678074,3.099401855295704,-1.026415058648747,0.04333098439109667,0.0,1.6680939160549912,-1.930300537763181,2.5511953039445063
44216,fulltime,,,,,,,,,,,,,,,,,,,,,,3.29,2.5010000000000003,248.0,1603489294.213,40.545918716,-105.0361683,0.9556574150721089,3.0969232514160225,-0.9547041354637693,0.042674450326653145,0.0,1.592588974436805,-2.039487361889934,2.587633733897909
44358,fulltime,,,,,,,,,,,,,,,,,,,,,,3.24,2.4748,248.0,1603489294.355,40.54591790567376,-105.03616820070923,0.7390558623996096,3.0941354869240274,-0.7382237741831167,0.03506033339923511,0.0,1.7098711709201107,-2.087304182832609,2.698239828631661
44430,fulltime,1603489294.4266028,1603489294.424603,Actisense,Location,16.0,40.545917200000005,-105.0361682,HEMISPHERE,40.5459164,40.5459179,-105.03616809999998,-105.0361682,1603489294.356,1603489294.517,0.16100001335144043,0.16700627515985939,1.0373059708716181,3.0909769001804888,4.763004733793994,-1.0359774891873108,0.0524816072835568,3.13,2.494,248.0,1603489294.427,40.545917200000005,-105.0361682,1.0373059708716181,3.0909769001804888,-1.0359774891873108,0.0524816072835568,0.0,1.3615872835804133,-1.9596275250408435,2.3862229501254886
44518,fulltime,,,,,,,,,,,,,,,,,,,,,,3.18,2.5114,248.0,1603489294.515,40.54591641777778,-105.0361681022222,1.0373059708716181,3.0909769001804888,-1.0359774891873108,0.0524816072835568,0.0,1.435086488873617,-1.9490784883242924,2.420409094387995
44619,fulltime,1603489294.616482,1603489294.6134892,Actisense,Location,16.0,40.5459157,-105.03616809999998,HEMISPHERE,40.5459151,40.5459164,-105.036168,-105.03616809999998,1603489294.517,1603489294.714,0.19700002670288086,0.1448001432957219,0.7350260084690862,3.0832063852569154,4.770775248717568,-0.7337735285517688,0.042891047115728366,3.29,2.494,248.0,1603489294.616,40.5459157,-105.03616809999998,0.7350260084690862,3.0832063852569154,-0.7337735285517688,0.042891047115728366,0.0,1.7698401843080238,-2.091592116739261,2.739907272299061
44717,fulltime,1603489294.714314,1603489294.712319,Actisense,Location,16.0,40.5459151,-105.036168,HEMISPHERE,40.5459145,40.5459157,-105.0361679,-105.03616809999998,1603489294.616,1603489294.859,0.24300003051757812,0.13449976819205103,0.5534969189327801,3.0156157918035427,4.838365842170941,-0.5491106793850772,0.06954351913255125,3.44,2.4853,248.0,1603489294.714,40.5459151,-105.036168,0.5534969189327801,3.0156157918035427,-0.5491106793850772,0.06954351913255125,0.0,1.8909350020781253,-2.355281644126189,3.020428248649844
44860,fulltime,,,,,,,,,,,,,,,,,,,,,,3.6,2.4695,248.0,1603489294.857,40.545914508275864,-105.0361679013793,0.5534969189327801,3.0156157918035427,-0.5491106793850772,0.06954351913255125,0.0,1.9640142391824473,-2.5080916652321745,3.185573061933835
44917,fulltime,1603489294.913944,1603489294.9107401,Actisense,Location,16.0,40.5459139,-105.0361678,HEMISPHERE,40.5459134,40.5459145,-105.0361678,-105.0361679,1603489294.859,1603489295.013,0.15400004386901855,0.12260592087109058,0.7961421165267357,3.0726217464707997,4.781359887503683,-0.7942492486047956,0.054867119465012944,3.39,2.5184,248.0,1603489294.914,40.5459139,-105.0361678,0.7961421165267357,3.0726217464707997,-0.7942492486047956,0.054867119465012944,0.0,1.8155999632154316,-2.1086455547667184,2.7825868004548067
45015,fulltime,,,,,,,,,,,,,,,,,,,,,,3.24,2.5917000000000003,248.0,1603489295.012,40.545913405050506,-105.0361678,0.7961421165267357,3.0726217464707997,-0.7942492486047956,0.054867119465012944,0.0,1.8448546559508097,-1.8246888336684286,2.594798266011759
45116,fulltime,1603489295.113181,1603489295.109947,Actisense,Location,16.0,40.5459129,-105.03616770000001,HEMISPHERE,40.5459124,40.5459134,-105.03616770000001,-105.0361678,1603489295.013,1603489295.222,0.2089998722076416,0.11151549903774324,0.5335673072897981,3.0657498889212884,4.788231745053194,-0.5320334698256339,0.04042843546047748,3.29,2.6493,248.0,1603489295.113,40.5459129,-105.03616770000001,0.5335673072897981,3.0657498889212884,-0.5320334698256339,0.04042843546047748,0.0,2.241126280348627,-1.7297933020666127,2.8310478399956063
45225,fulltime,1603489295.2223132,1603489295.219652,Actisense,Location,16.0,40.5459124,-105.03616770000001,HEMISPHERE,40.5459119,40.5459129,-105.03616770000001,-105.03616770000001,1603489295.113,1603489295.357,0.24400019645690918,0.11119492636381853,0.45571654440637194,3.141592653589793,4.71238898038469,-0.45571654440637194,5.58091807425756e-17,3.29,2.7156,248.0,1603489295.222,40.5459124,-105.03616770000001,0.45571654440637194,3.141592653589793,-0.45571654440637194,5.58091807425756e-17,0.0,2.540252840806955,-1.3595100010167205,2.881171973015892
45358,fulltime,,,,,,,,,,,,,,,,,,,,,,3.34,2.782,248.0,1603489295.355,40.54591190740741,-105.03616770000001,0.45571654440637194,3.141592653589793,-0.45571654440637194,5.58091807425756e-17,0.0,2.6706578694551246,-1.1753225192908479,2.9178410649030853
45437,fulltime,,,,,,,,,,,,,,,,,,,,,,3.54,2.8361,248.0,1603489295.434,40.545911406410255,-105.03616760128205,0.5235467952783703,3.0657498688096867,-0.5220417628231292,0.03966919100223235,0.0,2.7636746075553105,-1.2777783158940141,3.0447684248584395
45514,fulltime,,,,,,,,,,,,,,,,,,,,,,3.75,2.8971,248.0,1603489295.511,40.5459110051948,-105.0361676,0.6479453160362162,3.0573607187503185,-0.6456480826465525,0.054513172243986364,0.0,2.9035576505761207,-1.1561224720599914,3.125262581067586
45624,fulltime,1603489295.621246,1603489295.618288,Actisense,Location,16.0,40.5459105,-105.0361675,HEMISPHERE,40.5459101,40.545911,-105.0361675,-105.0361676,1603489295.512,1603489295.719,0.2070000171661377,0.10043150456899352,0.48517631034004916,3.057360727993074,4.796620905981409,-0.48345616058675167,0.04081902627330402,4.01,2.946,248.0,1603489295.621,40.5459105,-105.0361675,0.48517631034004916,3.057360727993074,-0.48345616058675167,0.04081902627330402,0.0,3.3705704866585475,-1.0666910650230026,3.535332407813096
45722,fulltime,1603489295.719018,1603489295.716976,Actisense,Location,16.0,40.5459101,-105.0361675,HEMISPHERE,40.5459097,40.5459105,-105.0361675,-105.0361675,1603489295.621,1603489295.854,0.2330000400543213,0.08895594077501984,0.38178508790934446,3.141592653589793,4.71238898038469,-0.38178508790934446,4.675518858703695e-17,4.0600000000000005,2.9722,248.0,1603489295.719,40.5459101,-105.0361675,0.38178508790934446,3.141592653589793,-0.38178508790934446,4.675518858703695e-17,0.0,3.6201055020136863,-0.6844499297140028,3.684241516512628
45855,fulltime,,,,,,,,,,,,,,,,,,,,,,4.16,3.0054000000000003,248.0,1603489295.852,40.54590970592593,-105.0361675,0.38178508790934446,3.141592653589793,-0.38178508790934446,4.675518858703695e-17,0.0,3.7396937567318194,-0.5648115908649015,3.7821054357744033
45922,fulltime,,,,,,,,,,,,,,,,,,,,,,4.21,3.0403,248.0,1603489295.919,40.545909207575754,-105.03616740151516,0.4996592923141812,3.0573607372358302,-0.4978877948161005,0.042037509073076816,0.0,3.639867016215585,-0.7345480456368607,3.713245578612203
46020,fulltime,,,,,,,,,,,,,,,,,,,,,,4.11,3.0525,248.0,1603489296.017,40.5459089060606,-105.03616740000001,0.5415536585737035,3.0468911260437483,-0.5391270436381739,0.05120933442768061,0.0,3.5016496327317546,-0.6999390208955534,3.570919319080544
46118,fulltime,,,,,,,,,,,,,,,,,,,,,,4.21,3.0717000000000003,248.0,1603489296.115,40.545908504123716,-105.03616740000001,0.3971250167086638,3.141592653589793,-0.3971250167086638,4.8633788057360425e-17,0.0,3.8025962793187196,-0.2940085639808478,3.8139453980337277
46218,fulltime,1603489296.2149491,1603489296.211894,Actisense,Location,16.0,40.5459081,-105.03616740000001,HEMISPHERE,40.5459078,40.5459085,-105.03616740000001,-105.03616740000001,1603489296.116,1603489296.366,0.25,0.07783644877070796,0.31134579508283183,3.141592653589793,4.71238898038469,-0.31134579508283183,3.812886313761777e-17,4.21,3.0699,248.0,1603489296.215,40.5459081,-105.03616740000001,0.31134579508283183,3.141592653589793,-0.31134579508283183,3.812886313761777e-17,0.0,3.8878394822684985,-0.3015675819378247,3.899517771002155
46367,fulltime,,,,,,,,,,,,,,,,,,,,,,4.21,3.0752,248.0,1603489296.364,40.54590780397351,-105.03616740000001,0.31134579508283183,3.141592653589793,-0.31134579508283183,3.812886313761777e-17,0.0,3.8893788055508702,-0.2793077686546267,3.8993948662195193
46421,fulltime,,,,,,,,,,,,,,,,,,,,,,4.26,3.0787,248.0,1603489296.418,40.54590740754717,-105.03616730188679,0.38379278038479986,3.0334610124706387,-0.3815512264723089,0.04141931738901631,0.0,3.816299451741439,-0.6835977054596707,3.877041053209487
46522,fulltime,1603489296.518822,1603489296.5149212,Actisense,Location,16.0,40.5459071,-105.0361673,HEMISPHERE,40.5459068,40.5459074,-105.0361673,-105.0361673,1603489296.419,1603489296.616,0.19700002670288086,0.06671695597630861,0.3386647052435804,3.141592653589793,4.71238898038469,-0.3386647052435804,4.1474464726073255e-17,4.32,3.0769,248.0,1603489296.519,40.5459071,-105.0361673,0.3386647052435804,3.141592653589793,-0.3386647052435804,4.1474464726073255e-17,0.0,3.9722985459216567,-0.2792773658978648,3.9821039143942687
46619,fulltime,1603489296.616157,1603489296.613239,Actisense,Location,16.0,40.5459068,-105.0361673,HEMISPHERE,40.5459065,40.5459071,-105.0361673,-105.0361673,1603489296.519,1603489296.712,0.19299983978271484,0.06671695597630861,0.3456839966883942,3.141592653589793,4.71238898038469,-0.3456839966883942,4.2334080006090623e-17,4.42,3.0699,248.0,1603489296.616,40.5459068,-105.0361673,0.3456839966883942,3.141592653589793,-0.3456839966883942,4.2334080006090623e-17,0.0,4.062961828939368,-0.3166101454074074,4.07527923062865
46714,fulltime,,,,,,,,,,,,,,,,,,,,,,4.47,3.0699,248.0,1603489296.711,40.545906503125,-105.0361673,0.3456839966883942,3.141592653589793,-0.3456839966883942,4.2334080006090623e-17,0.0,4.112833388052804,-0.32019170813826037,4.125278318834065
46857,fulltime,,,,,,,,,,,,,,,,,,,,,,4.57,3.0769,248.0,1603489296.854,40.54590630277777,-105.03616720138889,0.2343160990930632,2.990769704391181,-0.23165608723563916,0.03520641334848166,0.0,4.232622729282036,-0.942093258395837,4.336200511501953
46925,fulltime,,,,,,,,,,,,,,,,,,,,,,4.5200000000000005,3.0769,248.0,1603489296.922,40.545906004477615,-105.03616720000001,0.26652043426286237,2.9907697018359753,-0.26349483106229216,0.040045173031451005,0.0,4.1519406698945,-0.9265619534115783,4.254071976334423
47025,fulltime,,,,,,,,,,,,,,,,,,,,,,4.47,3.0734000000000004,248.0,1603489297.022,40.54590580199999,-105.03616720000001,0.3329188356719788,3.141592653589793,-0.3329188356719788,4.0770798648155246e-17,0.0,4.126691909368565,-0.3045849679792572,4.137917123090661
47113,fulltime,1603489297.1104,1603489297.10844,Actisense,Location,16.0,40.5459055,-105.03616720000001,HEMISPHERE,40.545905299999994,40.54590579999999,-105.03616720000001,-105.03616720000001,1603489297.023,1603489297.22,0.19700002670288086,0.055597463181909265,0.28222058703455105,3.141592653589793,4.71238898038469,-0.28222058703455105,3.4562053856534994e-17,4.47,3.0874,248.0,1603489297.11,40.5459055,-105.03616720000001,0.28222058703455105,3.141592653589793,-0.28222058703455105,3.4562053856534994e-17,0.0,4.1812171735474974,-0.24212260821802453,4.188221628541023
47223,fulltime,1603489297.219726,1603489297.21873,Actisense,Location,16.0,40.545905299999994,-105.03616720000001,HEMISPHERE,40.5459052,40.5459055,-105.03616720000001,-105.03616720000001,1603489297.11,1603489297.347,0.2369999885559082,0.03335847838319805,0.14075308014341442,3.141592653589793,4.71238898038469,-0.14075308014341442,1.7237280906776336e-17,4.42,3.0856000000000003,248.0,1603489297.22,40.545905299999994,-105.03616720000001,0.14075308014341442,3.141592653589793,-0.14075308014341442,1.7237280906776336e-17,0.0,4.272319988167722,-0.2473582295920812,4.279474754574955
47349,fulltime,,,,,,,,,,,,,,,,,,,,,,4.32,3.1048,248.0,1603489297.346,40.5459052007874,-105.03616720000001,0.14075308014341442,3.141592653589793,-0.14075308014341442,1.7237280906776336e-17,0.0,4.176323259078388,-0.15890840547712687,4.179345384824089
47438,fulltime,,,,,,,,,,,,,,,,,,,,,,4.16,3.1031,248.0,1603489297.435,40.54590500444444,-105.03616720000001,0.15372569778929296,3.141592653589793,-0.15372569778929296,1.8825968374435098e-17,0.0,4.00319277921474,-0.16008989831490547,4.006392542312786
47515,fulltime,,,,,,,,,,,,,,,,,,,,,,4.11,3.1013,248.0,1603489297.512,40.54590480263158,-105.03616720000001,0.26793937437894794,3.141592653589793,-0.26793937437894794,3.281310971987229e-17,0.0,3.8387247887151035,-0.16555800058901604,3.842293254692417
47623,fulltime,,,,,,,,,,,,,,,,,,,,,,4.0600000000000005,3.1275,248.0,1603489297.62,40.545904700925924,-105.03616720000001,0.18129605884104485,3.141592653589793,-0.18129605884104485,2.220236381577158e-17,0.0,3.8783007839744097,-0.057214279710509006,3.878722785245075
47724,fulltime,,,,,,,,,,,,,,,,,,,,,,4.11,3.1293,248.0,1603489297.721,40.545904501980196,-105.03616720000001,0.15961004201024756,3.141592653589793,-0.15961004201024756,1.9546592705962426e-17,0.0,3.9500794322222283,-0.05052153385241055,3.950402504333942
47857,fulltime,,,,,,,,,,,,,,,,,,,,,,4.11,3.1293,248.0,1603489297.854,40.5459045,-105.03616720000001,0.09463402347362909,3.141592653589793,-0.09463402347362909,1.1589325393741536e-17,0.0,4.0150554507588465,-0.05052153385241056,4.015373294981567
47918,fulltime,,,,,,,,,,,,,,,,,,,,,,4.0600000000000005,3.1048,248.0,1603489297.915,40.5459045,-105.03616720000001,0.0,0.0,0.0,0.0,0.0,-4.057252300287157,0.14934447366600304,4.06
48029,fulltime,1603489298.025672,1603489298.022896,Actisense,Location,16.0,40.5459045,-105.03616720000001,HEMISPHERE,40.5459045,40.5459045,-105.03616720000001,-105.03616720000001,1603489297.916,1603489298.115,0.19900012016296387,0.0,0.0,0.0,1.5707963267948966,0.0,0.0,3.9,3.1048,248.0,1603489298.026,40.5459045,-105.03616720000001,0.0,0.0,0.0,0.0,0.0,-3.8973605840196823,0.1434589771668502,3.8999999999999995
48116,fulltime,,,,,,,,,,,,,,,,,,,,,,3.8,3.0682,248.0,1603489298.113,40.5459045,-105.03616720000001,0.0,0.0,0.0,0.0,0.0,-3.7897702780459097,0.27864177655158795,3.7999999999999994
48215,fulltime,,,,,,,,,,,,,,,,,,,,,,3.7,3.0664,248.0,1603489298.212,40.5459045,-105.03616720000001,0.0,0.0,0.0,0.0,0.0,-3.6895451472797967,0.2779507261802051,3.7
48354,fulltime,,,,,,,,,,,,,,,,,,,,,,3.6,3.063,248.0,1603489298.35,40.5459045,-105.03616720000001,0.0,0.0,0.0,0.0,0.0,-3.588887472403269,0.2826423719594649,3.6
48442,fulltime,,,,,,,,,,,,,,,,,,,,,,3.6,3.0542,248.0,1603489298.438,40.545904598863636,-105.03616720000001,0.04920133209150255,0.0,0.04920133209150255,0.0,0.0,-3.5370599587143756,0.3142132302551216,3.550989032031484
48518,fulltime,,,,,,,,,,,,,,,,,,,,,,3.49,3.0507,248.0,1603489298.514,40.5459046,-105.03616720000001,0.06780177113786749,0.0,0.06780177113786749,0.0,0.0,-3.407791878140309,0.3167787636461927,3.4224836405476453
48619,fulltime,1603489298.6153462,1603489298.612293,Actisense,Location,16.0,40.5459046,-105.03616720000001,HEMISPHERE,40.5459046,40.5459046,-105.03616720000001,-105.03616720000001,1603489298.515,1603489298.715,0.19999980926513672,0.0,0.0,0.0,1.5707963267948966,0.0,0.0,3.39,3.0472,248.0,1603489298.615,40.5459046,-105.03616720000001,0.0,0.0,0.0,0.0,0.0,-3.3749088058487544,0.31951612197905593,3.39
48719,fulltime,1603489298.7150788,1603489298.711268,Actisense,Location,16.0,40.5459046,-105.03616720000001,HEMISPHERE,40.5459046,40.5459046,-105.03616720000001,-105.03616720000001,1603489298.615,1603489298.848,0.2330000400543213,0.0,0.0,0.0,1.5707963267948966,0.0,0.0,3.34,3.049,248.0,1603489298.715,40.5459046,-105.03616720000001,0.0,0.0,0.0,0.0,0.0,-3.3256926491065597,0.3088177515600273,3.34
48851,fulltime,,,,,,,,,,,,,,,,,,,,,,3.34,3.0455,248.0,1603489298.847,40.5459046,-105.03616720000001,0.0,0.0,0.0,0.0,0.0,-3.324591419336177,0.3204557605602714,3.34
48918,fulltime,,,,,,,,,,,,,,,,,,,,,,3.34,3.0368,248.0,1603489298.914,40.5459046,-105.03616720000001,0.0,0.0,0.0,0.0,0.0,-3.3216776710206872,0.34936721346254357,3.34
49027,fulltime,,,,,,,,,,,,,,,,,,,,,,3.29,3.028,248.0,1603489299.023,40.54590469908257,-105.03616720000001,0.06317897946689077,0.0,0.06317897946689077,0.0,0.0,-3.205617920784892,0.3729166460542299,3.2272361362257938
49115,fulltime,,,,,,,,,,,,,,,,,,,,,,3.39,3.035,248.0,1603489299.111,40.5459047,-105.03616720000001,0.056444118209029365,0.0,0.056444118209029365,0.0,0.0,-3.31431553005153,0.36066520993624307,3.333881645529593
49225,fulltime,,,,,,,,,,,,,,,,,,,,,,3.39,3.0211,248.0,1603489299.221,40.5459047,-105.03616720000001,0.0,0.0,0.0,0.0,0.0,-3.365420936282872,0.4074824187973244,3.39
49349,fulltime,,,,,,,,,,,,,,,,,,,,,,3.44,3.0141,248.0,1603489299.345,40.54590479919355,-105.03616720000001,0.04751920656071,0.0,0.04751920656071,0.0,0.0,-3.3645611143191405,0.4373875671123424,3.3928718478381867
49436,fulltime,,,,,,,,,,,,,,,,,,,,,,3.54,3.0158,248.0,1603489299.432,40.54590470227273,-105.03616720000001,0.0,0.0,0.0,0.0,0.0,-3.512028802097515,0.44413251765379275,3.5400000000000005
49527,fulltime,,,,,,,,,,,,,,,,,,,,,,3.65,3.028,248.0,1603489299.523,40.5459047,-105.03616720000001,0.061774937058207705,3.141592653589793,-0.061774937058207705,7.565247893586328e-18,0.0,3.5647018671724937,-0.4137221149233862,3.5886300157859328
49625,fulltime,,,,,,,,,,,,,,,,,,,,,,3.7,3.0315000000000003,248.0,1603489299.621,40.5459047,-105.03616720000001,0.0,0.0,0.0,0.0,0.0,-3.677599912645628,0.4065204576757137,3.6999999999999997
49723,fulltime,1603489299.7189438,1603489299.717087,Actisense,Location,16.0,40.5459047,-105.03616720000001,HEMISPHERE,40.5459047,40.5459047,-105.03616720000001,-105.03616720000001,1603489299.622,1603489299.852,0.23000001907348633,0.0,0.0,0.0,1.5707963267948966,0.0,0.0,3.85,3.0612000000000004,248.0,1603489299.719,40.5459047,-105.03616720000001,0.0,0.0,0.0,0.0,0.0,-3.8375654650798583,0.3091784294326004,3.8499999999999996
49855,fulltime,,,,,,,,,,,,,,,,,,,,,,4.01,3.0839000000000003,248.0,1603489299.851,40.5459047,-105.03616720000001,0.0,0.0,0.0,0.0,0.0,-4.003328324064174,0.23121922442894885,4.009999999999999
49925,fulltime,,,,,,,,,,,,,,,,,,,,,,4.11,3.0839000000000003,248.0,1603489299.921,40.5459047,-105.03616720000001,0.0,0.0,0.0,0.0,0.0,-4.103161948105676,0.23698528987605483,4.11
50023,fulltime,,,,,,,,,,,,,,,,,,,,,,4.16,3.1153,248.0,1603489300.019,40.54590479897959,-105.03616720000001,0.06618746387251469,0.0,0.06618746387251469,0.0,0.0,-4.092374707405491,0.10936483719898245,4.093835782420656
50123,fulltime,1603489300.119129,1603489300.116134,Actisense,Location,16.0,40.5459048,-105.03616720000001,HEMISPHERE,40.5459048,40.5459048,-105.03616709999999,-105.03616720000001,1603489300.02,1603489300.218,0.1979999542236328,0.008449541924059955,0.04267446402798934,1.5707963267948966,0.0,2.6130572888603005e-18,0.04267446402798934,4.21,3.1171,248.0,1603489300.119,40.5459048,-105.03616720000001,0.04267446402798934,1.5707963267948966,2.6130572888603005e-18,0.04267446402798934,0.0,-0.10310376240414411,-4.166062830479487,4.167338466374509
50222,fulltime,1603489300.2182481,1603489300.215257,Actisense,Location,16.0,40.5459048,-105.03616709999999,HEMISPHERE,40.5459048,40.5459048,-105.03616720000001,-105.03616720000001,1603489300.119,1603489300.35,0.23099994659423828,0.0,0.0,0.0,1.5707963267948966,0.0,0.0,4.21,3.1397,248.0,1603489300.218,40.5459048,-105.03616709999999,0.0,0.0,0.0,0.0,0.0,-4.20999245960258,0.007968066855909155,4.21
50354,fulltime,1603489300.349928,1603489300.345595,Actisense,Location,16.0,40.5459048,-105.03616720000001,HEMISPHERE,40.5459047,40.5459048,-105.03616720000001,-105.03616709999999,1603489300.218,1603489300.441,0.22300004959106445,0.013965596257866808,0.06262597826088737,3.7913905588766315,4.062591075097851,-0.04986318511220425,-0.03789031437714906,4.16,3.1171,248.0,1603489300.35,40.5459048,-105.03616720000001,0.06262597826088737,3.7913905588766315,-0.04986318511220425,-0.03789031437714906,0.0,3.323000250815389,2.397144026773446,4.0973930922007895
50443,fulltime,,,,,,,,,,,,,,,,,,,,,,4.16,3.1397,248.0,1603489300.439,40.5459047021978,-105.03616720000001,0.06262597826088737,3.7913905588766315,-0.04986318511220425,-0.03789031437714906,0.0,3.2671118340549525,2.472742419062978,4.097374135620927
50523,fulltime,,,,,,,,,,,,,,,,,,,,,,4.11,3.145,248.0,1603489300.519,40.5459047,-105.03616720000001,0.06502627220084096,3.141592653589793,-0.06502627220084096,7.96342161112444e-18,0.0,4.044949869252599,0.01400416664782789,4.044974111344857
50619,fulltime,,,,,,,,,,,,,,,,,,,,,,4.01,3.1555,248.0,1603489300.615,40.5459047,-105.03616720000001,0.0,0.0,0.0,0.0,0.0,-4.0096122106106264,-0.055766661386214764,4.01
50719,fulltime,,,,,,,,,,,,,,,,,,,,,,4.01,3.1712,248.0,1603489300.715,40.5459047,-105.03616720000001,0.0,0.0,0.0,0.0,0.0,-4.008242555488495,-0.11870811417529503,4.01
50855,fulltime,,,,,,,,,,,,,,,,,,,,,,4.01,3.1712,248.0,1603489300.851,40.5459047,-105.03616710145984,0.035652077403718896,1.5707963267948966,2.183060123770901e-18,0.035652077403718896,0.0,0.11870811417529478,-3.9725904780847765,3.9743636878047393
50922,fulltime,,,,,,,,,,,,,,,,,,,,,,4.01,3.1799,248.0,1603489300.918,40.54590479848485,-105.03616719848486,0.05477587237844502,0.0,0.05477587237844502,0.0,0.0,-3.9522822445622325,-0.15357489202284125,3.9552648695304473
51023,fulltime,1603489301.019167,1603489301.016385,Actisense,Location,16.0,40.5459048,-105.03616720000001,HEMISPHERE,40.5459048,40.5459048,-105.03616709999999,-105.03616720000001,1603489300.919,1603489301.119,0.20000004768371582,0.008449541924059955,0.042247699547663276,1.5707963267948966,0.0,2.5869255011192457e-18,0.042247699547663276,3.96,3.1764,248.0,1603489301.019,40.5459048,-105.03616720000001,0.042247699547663276,1.5707963267948966,2.5869255011192457e-18,0.042247699547663276,0.0,0.13780926068431654,-3.9153536709379546,3.9177781663664515
51123,fulltime,1603489301.118949,1603489301.1159,Actisense,Location,16.0,40.5459048,-105.03616709999999,HEMISPHERE,40.5459048,40.5459048,-105.03616720000001,-105.03616720000001,1603489301.019,1603489301.218,0.19899988174438477,0.0,0.0,0.0,1.5707963267948966,0.0,0.0,3.9,3.1659,248.0,1603489301.119,40.5459048,-105.03616709999999,0.0,0.0,0.0,0.0,0.0,-3.8988479049031426,-0.09478931602441636,3.9
51221,fulltime,,,,,,,,,,,,,,,,,,,,,,3.9,3.1555,248.0,1603489301.217,40.5459048,-105.0361671989899,0.0,0.0,0.0,0.0,0.0,-3.8996228482247988,-0.05423690259507172,3.9
51355,fulltime,,,,,,,,,,,,,,,,,,,,,,3.9,3.131,248.0,1603489301.351,40.5459048,-105.03616720000001,0.036264122195386925,4.71238898038469,-6.661611175570362e-18,-0.036264122195386925,0.0,0.04131057645262723,3.863517081445806,3.8637379313755695
51443,fulltime,1603489301.439302,1603489301.435513,Actisense,Location,16.0,40.5459048,-105.03616720000001,HEMISPHERE,40.5459048,40.5459048,-105.03616720000001,-105.03616720000001,1603489301.352,1603489301.522,0.1700000762939453,0.0,0.0,0.0,1.5707963267948966,0.0,0.0,3.9,3.1136000000000004,248.0,1603489301.439,40.5459048,-105.03616720000001,0.0,0.0,0.0,0.0,0.0,-3.8984721018969646,0.10915709198703079,3.9
51524,fulltime,,,,,,,,,,,,,,,,,,,,,,3.96,3.1048,248.0,1603489301.52,40.5459048,-105.03616720000001,0.0,0.0,0.0,0.0,0.0,-3.9573199776199854,0.1456660383540325,3.96
51622,fulltime,,,,,,,,,,,,,,,,,,,,,,3.96,3.1048,248.0,1603489301.618,40.5459048,-105.03616720000001,0.0,0.0,0.0,0.0,0.0,-3.9573199776199854,0.1456660383540325,3.96
51724,fulltime,1603489301.7201278,1603489301.717085,Actisense,Location,16.0,40.5459048,-105.03616720000001,HEMISPHERE,40.5459048,40.5459048,-105.03616720000001,-105.03616720000001,1603489301.619,1603489301.866,0.24699997901916504,0.0,0.0,0.0,1.5707963267948966,0.0,0.0,3.9,3.1031,248.0,1603489301.72,40.5459048,-105.03616720000001,0.0,0.0,0.0,0.0,0.0,-3.8971110721912803,0.15008427967022342,3.9
51869,fulltime,,,,,,,,,,,,,,,,,,,,,,3.8,3.1048,248.0,1603489301.865,40.5459048,-105.03616720000001,0.0,0.0,0.0,0.0,0.0,-3.797428261352511,0.13978054185487965,3.8
51926,fulltime,1603489301.921577,1603489301.917726,Actisense,Location,16.0,40.5459048,-105.03616720000001,HEMISPHERE,40.5459048,40.5459048,-105.03616720000001,-105.03616720000001,1603489301.866,1603489302.021,0.1549999713897705,0.0,0.0,0.0,1.5707963267948966,0.0,0.0,3.7,3.1083000000000003,248.0,1603489301.922,40.5459048,-105.03616720000001,0.0,0.0,0.0,0.0,0.0,-3.6979496479461726,0.1231600635546314,3.7000000000000006
52024,fulltime,,,,,,,,,,,,,,,,,,,,,,3.7,3.1066000000000003,248.0,1603489302.02,40.5459048,-105.03616720000001,0.0,0.0,0.0,0.0,0.0,-3.697734932403023,0.12944639696188703,3.7
52124,fulltime,,,,,,,,,,,,,,,,,,,,,,3.65,3.1013,248.0,1603489302.12,40.5459048,-105.03616720000001,0.0,0.0,0.0,0.0,0.0,-3.64703751710299,0.1470283946836756,3.65
52221,fulltime,,,,,,,,,,,,,,,,,,,,,,3.65,3.131,248.0,1603489302.217,40.5459048,-105.03616720000001,0.0,0.0,0.0,0.0,0.0,-3.649795229048809,0.03866246257745815,3.6500000000000004
52358,fulltime,1603489302.3537529,1603489302.347179,Actisense,Location,16.0,40.5459048,-105.03616720000001,HEMISPHERE,40.5459048,40.5459048,-105.03616720000001,-105.03616720000001,1603489302.218,1603489302.429,0.2109999656677246,0.0,0.0,0.0,1.5707963267948966,0.0,0.0,3.65,3.131,248.0,1603489302.354,40.5459048,-105.03616720000001,0.0,0.0,0.0,0.0,0.0,-3.649795229048809,0.03866246257745815,3.6500000000000004
52433,fulltime,1603489302.428508,1603489302.425569,Actisense,Location,16.0,40.5459048,-105.03616720000001,HEMISPHERE,40.5459048,40.5459048,-105.03616720000001,-105.03616720000001,1603489302.354,1603489302.519,0.16499996185302734,0.0,0.0,0.0,1.5707963267948966,0.0,0.0,3.65,3.1555,248.0,1603489302.429,40.5459048,-105.03616720000001,0.0,0.0,0.0,0.0,0.0,-3.649647024620645,-0.05076017806974661,3.65
52522,fulltime,,,,,,,,,,,,,,,,,,,,,,3.54,3.1624000000000003,248.0,1603489302.518,40.5459048,-105.03616720000001,0.0,0.0,0.0,0.0,0.0,-3.5392337138208854,-0.0736526914214386,3.54
52619,fulltime,1603489302.615015,1603489302.6140141,Actisense,Location,16.0,40.5459048,-105.03616720000001,HEMISPHERE,40.5459048,40.5459048,-105.03616720000001,-105.03616720000001,1603489302.519,1603489302.714,0.19499993324279785,0.0,0.0,0.0,1.5707963267948966,0.0,0.0,3.44,3.1659,248.0,1603489302.615,40.5459048,-105.03616720000001,0.0,0.0,0.0,0.0,0.0,-3.438983793042772,-0.08360903772410058,3.44
52718,fulltime,1603489302.7138019,1603489302.711751,Actisense,Location,16.0,40.5459048,-105.03616720000001,HEMISPHERE,40.5459048,40.5459048,-105.03616720000001,-105.03616720000001,1603489302.615,1603489302.849,0.23399996757507324,0.0,0.0,0.0,1.5707963267948966,0.0,0.0,3.34,3.1659,248.0,1603489302.714,40.5459048,-105.03616720000001,0.0,0.0,0.0,0.0,0.0,-3.3390133339426913,-0.08117854244142324,3.34
52851,fulltime,,,,,,,,,,,,,,,,,,,,,,3.24,3.1659,248.0,1603489302.847,40.5459048,-105.03616720000001,0.0,0.0,0.0,0.0,0.0,-3.2390428748426108,-0.0787480471587459,3.24
52919,fulltime,,,,,,,,,,,,,,,,,,,,,,3.18,3.1659,248.0,1603489302.915,40.5459048,-105.03616720000001,0.0,0.0,0.0,0.0,0.0,-3.1790605993825625,-0.0772897499891395,3.18
53017,fulltime,,,,,,,,,,,,,,,,,,,,,,3.13,3.1747,248.0,1603489303.013,40.5459048,-105.03616720000001,0.0,0.0,0.0,0.0,0.0,-3.128284765835818,-0.10360706462177244,3.1300000000000003
53118,fulltime,,,,,,,,,,,,,,,,,,,,,,3.18,3.1432,248.0,1603489303.114,40.5459048,-105.03616720000001,0.0,0.0,0.0,0.0,0.0,-3.1799958921365374,-0.0051113593835381355,3.1799999999999997
53216,fulltime,,,,,,,,,,,,,,,,,,,,,,3.13,3.1519999999999997,248.0,1603489303.212,40.5459048,-105.03616720000001,0.0,0.0,0.0,0.0,0.0,-3.1298304919051927,-0.032574406218669104,3.1300000000000003
53352,fulltime,,,,,,,,,,,,,,,,,,,,,,3.08,3.1502000000000003,248.0,1603489303.348,40.5459048,-105.03616720000001,0.0,0.0,0.0,0.0,0.0,-3.079885907629567,-0.02651029959844443,3.08
53440,fulltime,1603489303.436444,1603489303.433493,Actisense,Location,16.0,40.5459048,-105.03616720000001,HEMISPHERE,40.5459048,40.5459048,-105.03616720000001,-105.03616720000001,1603489303.349,1603489303.519,0.1700000762939453,0.0,0.0,0.0,1.5707963267948966,0.0,0.0,3.08,3.1519999999999997,248.0,1603489303.436,40.5459048,-105.03616720000001,0.0,0.0,0.0,0.0,0.0,-3.0798331997022346,-0.0320540482918533,3.08
53521,fulltime,,,,,,,,,,,,,,,,,,,,,,2.98,3.1973000000000003,248.0,1603489303.517,40.5459048,-105.03616720000001,0.0,0.0,0.0,0.0,0.0,-2.9753772660846267,-0.1659220433419625,2.98
53619,fulltime,,,,,,,,,,,,,,,,,,,,,,2.98,3.22,248.0,1603489303.615,40.5459048,-105.03616720000001,0.0,0.0,0.0,0.0,0.0,-2.970844601001523,-0.23341455974317857,2.98
53718,fulltime,,,,,,,,,,,,,,,,,,,,,,2.88,3.2759,248.0,1603489303.714,40.5459048,-105.03616720000001,0.0,0.0,0.0,0.0,0.0,-2.85406363571704,-0.3856433109463079,2.88
53860,fulltime,,,,,,,,,,,,,,,,,,,,,,2.72,3.323,248.0,1603489303.856,40.5459048,-105.03616720000001,0.0,0.0,0.0,0.0,0.0,-2.6753668724544895,-0.49072609241111753,2.72
53917,fulltime,,,,,,,,,,,,,,,,,,,,,,2.62,3.3562000000000003,248.0,1603489303.913,40.5459048,-105.03616720000001,0.0,0.0,0.0,0.0,0.0,-2.5598974371748158,-0.5579651522683217,2.62
54029,fulltime,1603489304.024974,1603489304.02205,Actisense,Location,16.0,40.5459048,-105.03616720000001,HEMISPHERE,40.5459048,40.5459048,-105.03616720000001,-105.03616720000001,1603489303.914,1603489304.124,0.21000003814697266,0.0,0.0,0.0,1.5707963267948966,0.0,0.0,2.52,3.3928000000000003,248.0,1603489304.025,40.5459048,-105.03616720000001,0.0,0.0,0.0,0.0,0.0,-2.440904793557578,-0.6264054507965562,2.52
54128,fulltime,1603489304.124067,1603489304.121017,Actisense,Location,16.0,40.5459048,-105.03616720000001,HEMISPHERE,40.5459048,40.5459048,-105.03616720000001,-105.03616720000001,1603489304.025,1603489304.213,0.18799996376037598,0.0,0.0,0.0,1.5707963267948966,0.0,0.0,2.41,3.4295,248.0,1603489304.124,40.5459048,-105.03616720000001,0.0,0.0,0.0,0.0,0.0,-2.310804823814776,-0.6843106503879383,2.41
54216,fulltime,,,,,,,,,,,,,,,,,,,,,,2.31,3.4574000000000003,248.0,1603489304.212,40.5459048,-105.03616720000001,0.0,0.0,0.0,0.0,0.0,-2.1957611210694936,-0.7174490220215237,2.31
54351,fulltime,,,,,,,,,,,,,,,,,,,,,,2.21,3.4853,248.0,1603489304.347,40.5459048,-105.03616720000001,0.0,0.0,0.0,0.0,0.0,-2.0807411606257253,-0.7447256021367255,2.21
54438,fulltime,,,,,,,,,,,,,,,,,,,,,,2.16,3.4853,248.0,1603489304.434,40.5459048,-105.03616720000001,0.0,0.0,0.0,0.0,0.0,-2.033665568756365,-0.7278766066132701,2.1599999999999997
54516,fulltime,,,,,,,,,,,,,,,,,,,,,,2.16,3.4591000000000003,248.0,1603489304.512,40.5459048,-105.03616720000001,0.0,0.0,0.0,0.0,0.0,-2.0520357993775846,-0.6743508568043775,2.16
54626,fulltime,,,,,,,,,,,,,,,,,,,,,,2.21,3.426,248.0,1603489304.622,40.5459048,-105.03616720000001,0.0,0.0,0.0,0.0,0.0,-2.121220129918968,-0.6201009276130428,2.21
54724,fulltime,1603489304.720378,1603489304.719383,Actisense,Location,16.0,40.5459048,-105.03616720000001,HEMISPHERE,40.5459048,40.5459048,-105.03616720000001,-105.03616720000001,1603489304.625,1603489304.853,0.22799992561340332,0.0,0.0,0.0,1.5707963267948966,0.0,0.0,2.26,3.3858,248.0,1603489304.72,40.5459048,-105.03616720000001,0.0,0.0,0.0,0.0,0.0,-2.192944180315827,-0.5464392207912466,2.26
54856,fulltime,,,,,,,,,,,,,,,,,,,,,,2.21,3.3544,248.0,1603489304.852,40.5459048,-105.03616720000001,0.0,0.0,0.0,0.0,0.0,-2.1601464715233436,-0.4667624894582348,2.21
54921,fulltime,,,,,,,,,,,,,,,,,,,,,,2.16,3.3213000000000004,248.0,1603489304.917,40.5459048,-105.03616720000001,0.0,0.0,0.0,0.0,0.0,-2.1252154556955962,-0.3860819432096764,2.16
55019,fulltime,,,,,,,,,,,,,,,,,,,,,,2.1,3.3003,248.0,1603489305.015,40.5459048,-105.03616720000001,0.0,0.0,0.0,0.0,0.0,-2.0736080437059594,-0.33188805503956453,2.1
55123,fulltime,1603489305.11901,1603489305.116249,Actisense,Location,16.0,40.5459048,-105.03616720000001,HEMISPHERE,40.5459048,40.5459048,-105.03616720000001,-105.03616720000001,1603489305.019,1603489305.216,0.19700002670288086,0.0,0.0,0.0,1.5707963267948966,0.0,0.0,2.1,3.2898,248.0,1603489305.119,40.5459048,-105.03616720000001,0.0,0.0,0.0,0.0,0.0,-2.076978497657364,-0.31009727549425226,2.1
55219,fulltime,,,,,,,,,,,,,,,,,,,,,,1.95,3.2497000000000003,248.0,1603489305.215,40.5459048,-105.03616720000001,0.0,0.0,0.0,0.0,0.0,-1.9386160752749373,-0.21039893698780518,1.95
